Основная категория,Подкатегория,Пример вопроса,Приоритет,Целевая аудитория,Шаблонный ответ,,,,,,,,,,,,,,,,,,,
Новые клиенты,Регистрация и онбординг,Как стать клиентом банка онлайн?,высокий,новые клиенты,Стать клиентом ВТБ (Беларусь) можно онлайн через сайт vtb.by или мобильное приложение VTB mBank. Для регистрации потребуется паспорт и номер телефона. После регистрации через МСИ (Межбанковскую систему идентификации) вы получите доступ к банковским услугам.,,,,,,,,,,,,,,,,,,,
Новые клиенты,Регистрация и онбординг,Регистрация через МСИ (Межбанковская система идентификации),высокий,новые клиенты,"МСИ позволяет пройти идентификацию онлайн, используя данные других банков, где вы уже являетесь клиентом. Это упрощает процедуру регистрации и делает её быстрой и безопасной.",,,,,,,,,,,,,,,,,,,
Новые клиенты,Регистрация и онбординг,Документы для регистрации нового клиента,высокий,новые клиенты,Для регистрации в качестве нового клиента необходим паспорт гражданина Республики Беларусь и контактный номер мобильного телефона для получения SMS-подтверждений.,,,,,,,,,,,,,,,,,,,
Новые клиенты,Первые шаги,Первый вход в Интернет-банк,высокий,новые клиенты,После регистрации вы получите логин и пароль для входа в систему Интернет-банк. При первом входе рекомендуется изменить временный пароль на постоянный и настроить дополнительные параметры безопасности.,,,,,,,,,,,,,,,,,,,
Новые клиенты,Первые шаги,Как скачать и настроить мобильное приложение?,высокий,новые клиенты,Мобильное приложение VTB mBank можно скачать в App Store для iOS или Google Play для Android. После установки войдите с логином и паролем от Интернет-банка и пройдите первоначальную настройку.,,,,,,,,,,,,,,,,,,,
Техническая поддержка,Проблемы и решения,Не могу войти в Интернет-банк,высокий,все клиенты,"Если не получается войти в Интернет-банк, проверьте правильность ввода логина и пароля. При забытом пароле воспользуйтесь функцией восстановления. Если проблема не решается, обратитесь в контакт-центр по номеру 250 или +375 (17/29/33) 309 15 15.",,,,,,,,,,,,,,,,,,,
Техническая поддержка,Проблемы и решения,"Я нахожусь за пределами Республики Беларусь. Как я могу связаться с работниками банка, за исключением телефонного звонка?",высокий,все клиенты,"Вы можете получить онлайн-консультацию (в текстовом формате) в будние дни с 9:00 до 17:30, написав специалисту банка в Telegram либо в чат на сайте (ссылки на сайте банка).",,,,,,,,,,,,,,,,,,,
Техническая поддержка,Проблемы и решения,Забыл пароль от мобильного приложения,высокий,все клиенты,"Если Вы забыли логин или пароль доступа, доступна процедура восстановления доступа к системе ДБО со стартового экрана. Для этого требуется нажать на кнопку «Забыли логин или пароль?».",,,,,,,,,,,,,,,,,,,
Техническая поддержка,Проблемы и решения,Карта заблокирована - что делать?,высокий,все клиенты,"Если карта заблокирована, обратитесь в контакт-центр банка по телефону 250 для выяснения причины блокировки. В большинстве случаев карту можно разблокировать по телефону после прохождения идентификации.",,,,,,,,,,,,,,,,,,,
Техническая поддержка,Проблемы и решения,"Могу ли я оставить обращение, не обращаясь лично в офис банка?
",высокий,все клиенты,"Вы можете воспользоваться формой ""Обратная связь""(https://www.vtb.by/elektronnoe-pismo) на главной странице сайта банка ВТБ. Ваше обращение будет рассмотрено руководством банка в соответствии с Законом Республики Беларусь ""Об обращениях граждан и юридических лиц"" №300-З.",,,,,,,,,,,,,,,,,,,
Техническая поддержка,Проблемы и решения,"Перевел денежные средства на карту, но на балансе их нет.",высокий,все клиенты,"В зависимости от условий Вашей карточки и способа совершения операции по карточке/ счету, погашение задолженности по договору и доступность денежных средств с использованием карточки будет обеспечена в следующее время: https://www.vtb.by/sites/default/files/sites/default/files/anketa/o_vremeni_zachisleniya_na_bpk_s_23.05.2021.pdf",,,,,,,,,,,,,,,,,,,
Продукты - Карты,Дебетовые карты - MORE,Как оформить карту MORE?,высокий,новые клиенты,Карту MORE можно оформить в любом отделении банка ВТБ (Беларусь) с паспортом или онлайн через Интернет-банк и мобильное приложение VTB mBank. Карта выдается бесплатно.,,,,,,,,,,,,,,,,,,,
Продукты - Карты,Дебетовые карты - MORE,Какие преимущества у карты MORE?,высокий,новые клиенты,"Карта MORE предоставляет возможности для повседневной жизни: бесконтактные платежи, снятие наличных в банкоматах ВТБ без комиссии, онлайн-покупки, переводы через приложение.",,,,,,,,,,,,,,,,,,,
Продукты - Карты,Дебетовые карты - MORE,Как бесплатно пополнить карточку MORE?,высокий,новые клиенты,"Пополнить карточку MORE можно бесплатно через банкоматы ВТБ с функцией Cash-In, в отделениях банка, через Интернет-банк с других карт ВТБ, переводом с карты на карту.",,,,,,,,,,,,,,,,,,,
Продукты - Карты,Дебетовые карты - MORE,Какие лимиты по карте MORE?,высокий,новые клиенты,Лимиты устанавливаются индивидуально при оформлении карты. Стандартные лимиты можно изменить через Интернет-банк или мобильное приложение VTB mBank в разделе 'Управление лимитами'.,,,,,,,,,,,,,,,,,,,
Продукты - Карты,Дебетовые карты - MORE,Можно ли заказать карту MORE онлайн?,средний,новые клиенты,"Да, карту MORE можно заказать онлайн через Интернет-банк или мобильное приложение VTB mBank. После оформления заявки карта будет готова к получению в выбранном отделении банка.",,,,,,,,,,,,,,,,,,,
Продукты - Карты,Дебетовые карты - MORE,Сколько стоит обслуживание карты MORE?,средний,новые клиенты,Выпуск и обслуживание карты MORE бесплатны для физических лиц при соблюдении условий банка.,,,,,,,,,,,,,,,,,,,
Продукты - Карты,Дебетовые карты - MORE,Где можно использовать карту MORE?,высокий,новые клиенты,"Карта MORE принимается во всех торговых точках, где есть терминалы для оплаты картами, в банкоматах для снятия наличных, для онлайн-покупок в интернете.",,,,,,,,,,,,,,,,,,,
Продукты - Карты,Дебетовые карты - MORE,Как активировать карту MORE?,высокий,новые клиенты,Активация происходит автоматически при проведении первой успешной операции с использованием ПИН-кода: оплата в магазине или снятие наличных в банкомате.,,,,,,,,,,,,,,,,,,,
Продукты - Карты,Дебетовые карты - Форсаж,Как получить карту Форсаж?,высокий,новые клиенты,"Карта Форсаж - это карта мгновенного выпуска. Обратитесь в любое отделение ВТБ (Беларусь) с паспортом, и карта будет выдана сразу при обращении.",,,,,,,,,,,,,,,,,,,
Продукты - Карты,Дебетовые карты - Форсаж,Что такое карта мгновенного выпуска?,средний,новые клиенты,"Карта мгновенного выпуска - это карта, которая изготавливается и выдается клиенту непосредственно в отделении банка в течение нескольких минут после подачи заявления.",,,,,,,,,,,,,,,,,,,
Продукты - Карты,Дебетовые карты - Форсаж,За сколько минут выдается карта Форсаж?,средний,новые клиенты,Карта Форсаж выдается в течение нескольких минут после оформления заявления в отделении банка.,,,,,,,,,,,,,,,,,,,
Продукты - Карты,Дебетовые карты - Форсаж,Какие документы нужны для карты Форсаж?,высокий,новые клиенты,Для оформления карты Форсаж необходим только паспорт гражданина Республики Беларусь.,,,,,,,,,,,,,,,,,,,
Продукты - Карты,Дебетовые карты - Форсаж,Можно ли сразу использовать карту Форсаж?,средний,новые клиенты,"Да, карту Форсаж можно использовать сразу после получения и активации первой операцией с ПИН-кодом.",,,,,,,,,,,,,,,,,,,
Продукты - Карты,Дебетовые карты - Форсаж,Какие лимиты у карты Форсаж?,высокий,новые клиенты,Лимиты по карте «Форсаж» устанавливаются банком; подробные значения суточных и месячных лимитов указаны в условиях выпуска карты и в тарифах банка.,,,,,,,,,,,,,,,,,,,
Продукты - Карты,Дебетовые карты - Форсаж,Сколько действует карта Форсаж?,средний,новые клиенты,Срок действия карты Форсаж указывается на самой карте. Обычно карты выдаются на 4 года.,,,,,,,,,,,,,,,,,,,
Продукты - Карты,Дебетовые карты - Комплимент,Кто может оформить карту Комплимент?,высокий,новые клиенты,Карту Комплимент могут оформить граждане Республики Беларусь от 50 лет. Это специальное предложение для людей старшего возраста.,,,,,,,,,,,,,,,,,,,
Продукты - Карты,Дебетовые карты - Комплимент,Какие льготы предоставляет карта Комплимент?,высокий,новые клиенты,"Карта Комплимент предоставляет льготные условия обслуживания, специальные тарифы и привилегии для клиентов старшего возраста.",,,,,,,,,,,,,,,,,,,
Продукты - Карты,Дебетовые карты - Комплимент,Как оформить премиальную карту Комплимент?,высокий,новые клиенты,Для оформления карты Комплимент обратитесь в отделение банка с паспортом. Карта относится к премиальному сегменту Gold.,,,,,,,,,,,,,,,,,,,
Продукты - Карты,Дебетовые карты - Комплимент,Какой возраст для оформления карты Комплимент?,высокий,новые клиенты,Карта Комплимент предназначена для клиентов от 50 лет.,,,,,,,,,,,,,,,,,,,
Продукты - Карты,Дебетовые карты - Комплимент,Сколько стоит карта Комплимент?,средний,новые клиенты,Информацию о стоимости обслуживания карты Комплимент уточняйте в тарифах банка или при оформлении в отделении.,,,,,,,,,,,,,,,,,,,
Продукты - Карты,Дебетовые карты - Комплимент,Какие услуги включены в карту Комплимент?,высокий,новые клиенты,Карта Комплимент включает полный комплекс банковских услуг с учетом потребностей клиентов старшего возраста и премиальное обслуживание.,,,,,,,,,,,,,,,,,,,
Продукты - Карты,Дебетовые карты - Signature,Как получить премиальную карту Signature?,высокий,новые клиенты,Для оформления премиальной карты Signature обратитесь в отделение банка. Карта предназначена для VIP-клиентов с особыми требованиями к сервису.,,,,,,,,,,,,,,,,,,,
Продукты - Карты,Дебетовые карты - Signature,Какие привилегии у карты Signature?,высокий,новые клиенты,"Карта Signature предоставляет премиальные привилегии: приоритетное обслуживание, специальные условия, расширенные лимиты, дополнительные сервисы.",,,,,,,,,,,,,,,,,,,
Продукты - Карты,Дебетовые карты - Signature,Сколько стоит обслуживание карты Signature?,средний,новые клиенты,Тарифы по карте Signature указаны в прейскуранте банка. Уточняйте стоимость при оформлении.,,,,,,,,,,,,,,,,,,,
Продукты - Карты,Дебетовые карты - Signature,Какие требования для оформления Signature?,высокий,новые клиенты,Для оформления карты Signature могут потребоваться подтверждение доходов и соответствие критериям премиального обслуживания.,,,,,,,,,,,,,,,,,,,
Продукты - Карты,Дебетовые карты - Signature,Где принимается карта Signature?,высокий,новые клиенты,"Карта Signature принимается во всем мире везде, где принимаются карты соответствующей платежной системы.",,,,,,,,,,,,,,,,,,,
Продукты - Карты,Дебетовые карты - Infinite,Как оформить карту Infinite?,высокий,новые клиенты,Карта Infinite - это карта высшего уровня. Для оформления обратитесь к персональному менеджеру в отделении банка.,,,,,,,,,,,,,,,,,,,
Продукты - Карты,Дебетовые карты - Infinite,Что входит в пакет услуг Infinite?,средний,новые клиенты,"Карта Infinite включает максимальный набор привилегий: консьерж-сервис, страхование, доступ в VIP-залы, индивидуальные условия.",,,,,,,,,,,,,,,,,,,
Продукты - Карты,Дебетовые карты - Infinite,Какие требования к доходам для Infinite?,высокий,новые клиенты,Для оформления карты Infinite установлены высокие требования к доходам клиента. Подробности уточняйте при консультации.,,,,,,,,,,,,,,,,,,,
Продукты - Карты,Дебетовые карты - Infinite,Какие привилегии предоставляет Infinite?,высокий,новые клиенты,"Infinite предоставляет все доступные привилегии банка: персональный менеджер, консьерж-сервис, специальные предложения партнеров.",,,,,,,,,,,,,,,,,,,
Продукты - Карты,Кредитные карты - PLAT/ON,Где можно оформить карточку PLAT/ON?,высокий,новые клиенты,"Карточку PLAT/ON можно оформить в интернет-банке или М-банкинге, в том числе виртуальную карточку, а также обратившись в любой офис Банка.",,,,,,,,,,,,,,,,,,,
Продукты - Карты,Кредитные карты - PLAT/ON,Какие операции отражаются в бонусный период?,высокий,новые клиенты,"В бонусный период отражаются безналичные операции покупки товаров и услуг в организации торговли/сервиса, совершенные по карточке PLAT/ON, за исключением операций с MCC, указанных на сайте банка vtb.by.",,,,,,,,,,,,,,,,,,,
Продукты - Карты,Кредитные карты - PLAT/ON,Как отражаются операции по бонусным периодам?,высокий,новые клиенты,"Операции по бонусным периодам отражаются по дате отражения по счету. Если бонусный период был изменен после совершения операции, но до ее отражения по счету, операция отразится по вновь установленному бонусному периоду.",,,,,,,,,,,,,,,,,,,
Продукты - Карты,Кредитные карты - PLAT/ON,Как переключить бонусный период PLAT/ON?,высокий,новые клиенты,Переключить бонусный период можно через Интернет-банк или мобильное приложение VTB mBank в разделе управления картой PLAT/ON.,,,,,,,,,,,,,,,,,,,
Продукты - Карты,Кредитные карты - PLAT/ON,Какой кредитный лимит по карте PLAT/ON?,высокий,новые клиенты,Максимальная сумма кредита по карте PLAT/ON составляет до 10 000 BYN для физической карты и до 5 000 BYN для виртуальной карты.,,,,,,,,,,,,,,,,,,,
Продукты - Карты,Кредитные карты - PLAT/ON,Можно ли оформить виртуальную PLAT/ON?,высокий,новые клиенты,"Да, доступна виртуальная карточка PLAT/ON Classic с кредитным лимитом до 5 000 BYN, которую можно оформить через Интернет-банк.",,,,,,,,,,,,,,,,,,,
Продукты - Карты,Кредитные карты - PLAT/ON,Когда платеж по карте PLAT/ON?,средний,новые клиенты,Обязательный платеж по карте PLAT/ON необходимо вносить до 20 числа каждого месяца.,,,,,,,,,,,,,,,,,,,
Продукты - Карты,Кредитные карты - Портмоне 2.0,Как оформить кредитную карту Портмоне 2.0?,высокий,новые клиенты,Кредитную карту Портмоне 2.0 можно оформить в любом отделении банка. Используется карточка мгновенного выпуска.,,,,,,,,,,,,,,,,,,,
Продукты - Карты,Кредитные карты - Портмоне 2.0,Нужны ли справки для карты Портмоне?,средний,новые клиенты,Кредитная карта Портмоне 2.0 оформляется без справок о доходах и поручителей. Необходим только паспорт.,,,,,,,,,,,,,,,,,,,
Продукты - Карты,Кредитные карты - Портмоне 2.0,Какой лимит по карте Портмоне 2.0?,высокий,новые клиенты,Кредитный лимит по карте Портмоне 2.0 устанавливается индивидуально в зависимости от платежеспособности клиента.,,,,,,,,,,,,,,,,,,,
Продукты - Карты,Кредитные карты - Портмоне 2.0,За сколько выдается карта Портмоне?,средний,новые клиенты,"Карта Портмоне 2.0 выдается сразу при обращении в отделение банка, так как это карточка мгновенного выпуска.",,,,,,,,,,,,,,,,,,,
Продукты - Карты,Кредитные карты - Портмоне 2.0,Какая ставка по карте Портмоне 2.0?,высокий,новые клиенты,Процентная ставка по карте Портмоне 2.0 указана в тарифах банка. Уточняйте актуальную ставку при оформлении.,,,,,,,,,,,,,,,,,,,
Продукты - Карты,Кредитные карты - Портмоне 2.0,Можно ли снимать наличные с Портмоне?,средний,новые клиенты,"Да, с кредитной карты Портмоне 2.0 можно снимать наличные в банкоматах, но за эту операцию взимается комиссия согласно тарифам.",,,,,,,,,,,,,,,,,,,
Продукты - Карты,Кредитные карты - Отличник,Кто может оформить карту Отличник?,высокий,новые клиенты,Карта Отличник - специальное предложение для действующих кредитополучателей банка ВТБ (Беларусь).,,,,,,,,,,,,,,,,,,,
Продукты - Карты,Кредитные карты - Отличник,Нужна ли справка о доходах для Отличника?,средний,новые клиенты,"Нет, заявка на карту Отличник рассматривается без справки о доходах для действующих клиентов банка.",,,,,,,,,,,,,,,,,,,
Продукты - Карты,Кредитные карты - Отличник,Какой процент на остаток по карте Отличник?,высокий,новые клиенты,"На остаток собственных денежных средств на счете по карте Отличник начисляется 0,01% годовых.",,,,,,,,,,,,,,,,,,,
Продукты - Карты,Кредитные карты - Отличник,Как погашать задолженность по Отличнику?,высокий,новые клиенты,"Погашение можно осуществлять через Интернет-банк, мобильное приложение, банкоматы ВТБ, отделения банка, через ЕРИП.",,,,,,,,,,,,,,,,,,,
Продукты - Карты,Кредитные карты - Отличник,Какой кредитный лимит по Отличнику?,высокий,новые клиенты,Максимальный кредитный лимит по карте Отличник составляет 5 000 BYN на срок до 36 месяцев.,,,,,,,,,,,,,,,,,,,
Продукты - Карты,Карты рассрочки - ЧЕРЕПАХА,Где можно оформить карту ЧЕРЕПАХА?,высокий,новые клиенты,"Карту ЧЕРЕПАХА можно оформить бесплатно в любом офисе банка, онлайн в интернет-банке или мобильном приложении VTB mBank.",,,,,,,,,,,,,,,,,,,
Продукты - Карты,Карты рассрочки - ЧЕРЕПАХА,Какой кредитный лимит я могу получить по карте ЧЕРЕПАХА?,высокий,новые клиенты,"По карте ЧЕРЕПАХА доступен кредитный лимит до 5 000 BYN с возобновляемой линией, которая действует до 3 лет.",,,,,,,,,,,,,,,,,,,
Продукты - Карты,Карты рассрочки - ЧЕРЕПАХА,Какие операции доступны по карточке ЧЕРЕПАХА?,высокий,новые клиенты,"По карте ЧЕРЕПАХА доступны: покупки в рассрочку в магазинах-партнерах, снятие наличных, переводы и покупки в точках по всему миру.",,,,,,,,,,,,,,,,,,,
Продукты - Карты,Карты рассрочки - ЧЕРЕПАХА,Как узнать текущий долг по ЧЕРЕПАХЕ?,высокий,новые клиенты,Информацию о текущей задолженности можно узнать в личном кабинете интернет-банка или в мобильном приложении VTB mBank в разделе информации по кредиту.,,,,,,,,,,,,,,,,,,,
Продукты - Карты,Карты рассрочки - ЧЕРЕПАХА,В каких магазинах принимается ЧЕРЕПАХА?,высокий,новые клиенты,Карта ЧЕРЕПАХА принимается в широкой сети магазинов-партнеров. Полный список доступен на сайте cherepaha.vtb.by в разделе 'Магазины'.,,,,,,,,,,,,,,,,,,,
Продукты - Карты,Карты рассрочки - ЧЕРЕПАХА,Какая рассрочка доступна по ЧЕРЕПАХЕ?,высокий,новые клиенты,По карте ЧЕРЕПАХА доступна рассрочка до 12 месяцев в зависимости от магазина-партнера и типа товара.,,,,,,,,,,,,,,,,,,,
Продукты - Карты,Карты рассрочки - ЧЕРЕПАХА,Как погашать долг по ЧЕРЕПАХЕ?,высокий,новые клиенты,"Погашение можно осуществлять через интернет-банк/мобильное приложение, банкоматы, отделения банка, ЕРИП и переводами с других карт.",,,,,,,,,,,,,,,,,,,
Продукты - Карты,Карты рассрочки - ЧЕРЕПАХА,Можно ли пополнить карту ЧЕРЕПАХА?,средний,новые клиенты,"Да, карту ЧЕРЕПАХА можно пополнять через банкоматы с функцией Cash-In, в отделениях банка, через интернет-банк.",,,,,,,,,,,,,,,,,,,
Продукты - Карты,Карты рассрочки - КСТАТИ,Как оформить карту КСТАТИ?,высокий,новые клиенты,Карту рассрочки КСТАТИ можно оформить в отделениях банка или онлайн через интернет-банк и мобильное приложение VTB mBank.,,,,,,,,,,,,,,,,,,,
Продукты - Карты,Карты рассрочки - КСТАТИ,В чем преимущества карты КСТАТИ?,средний,новые клиенты,"Карта КСТАТИ предоставляет возможность покупок в рассрочку, удобное управление платежами, широкую сеть партнеров.",,,,,,,,,,,,,,,,,,,
Продукты - Карты,Карты рассрочки - КСТАТИ,Какие лимиты по карте КСТАТИ?,высокий,новые клиенты,Лимиты по карте КСТАТИ устанавливаются индивидуально в зависимости от платежеспособности клиента.,,,,,,,,,,,,,,,,,,,
Продукты - Карты,Карты рассрочки - КСТАТИ,Где принимается карта КСТАТИ?,высокий,новые клиенты,"Карта КСТАТИ принимается в магазинах-партнерах банка, где доступна рассрочка, а также для обычных покупок.",,,,,,,,,,,,,,,,,,,
Продукты - Карты,Карты рассрочки - КСТАТИ,Какая рассрочка по карте КСТАТИ?,высокий,новые клиенты,Рассрочка по карте КСТАТИ предоставляется на различные сроки в зависимости от магазина и товара.,,,,,,,,,,,,,,,,,,,
Продукты - Карты,Карты рассрочки - КСТАТИ,Как узнать баланс карты КСТАТИ?,высокий,новые клиенты,"Баланс и информацию по карте КСТАТИ можно узнать через интернет-банк, мобильное приложение или по телефону контакт-центра.",,,,,,,,,,,,,,,,,,,
Продукты - Карты,Карты рассрочки - КСТАТИ,Можно ли заказать КСТАТИ онлайн?,средний,новые клиенты,"Да, карту КСТАТИ можно заказать онлайн через интернет-банк или мобильное приложение VTB mBank.",,,,,,,,,,,,,,,,,,,
Продукты - Кредиты,Потребительские - На всё про всё,Как оформить кредит На всё про всё?,высокий,новые клиенты,Для оформления кредита 'На всё про всё' обратитесь в любое отделение банка с паспортом. Кредит выдается на любые цели до 70 000 BYN на срок до 7 лет.,,,,,,,,,,,,,,,,,,,
Продукты - Кредиты,Потребительские - На всё про всё,Какая максимальная сумма кредита?,высокий,новые клиенты,Максимальная сумма потребительского кредита 'На всё про всё' составляет 70 000 белорусских рублей.,,,,,,,,,,,,,,,,,,,
Продукты - Кредиты,Потребительские - На всё про всё,Нужны ли справки для кредита?,средний,новые клиенты,Требования по документам зависят от суммы кредита. Для небольших сумм возможно оформление без справки о доходах.,,,,,,,,,,,,,,,,,,,
Продукты - Кредиты,Потребительские - На всё про всё,На какой срок выдается кредит?,высокий,новые клиенты,Кредит 'На всё про всё' выдается на срок до 7 лет (84 месяца) в зависимости от суммы и платежеспособности.,,,,,,,,,,,,,,,,,,,
Продукты - Кредиты,Потребительские - На всё про всё,Какие документы нужны для кредита?,высокий,новые клиенты,"Для оформления кредита необходим паспорт, при необходимости - справка о доходах и документы, подтверждающие цель кредита.",,,,,,,,,,,,,,,,,,,
Продукты - Кредиты,Потребительские - На всё про всё,Можно ли досрочно погасить кредит?,средний,новые клиенты,"Да, досрочное погашение кредита возможно полностью или частично без штрафов и комиссий.",,,,,,,,,,,,,,,,,,,
Продукты - Кредиты,Потребительские - Дальше - меньше,Что означает снижаемая ставка?,средний,новые клиенты,"Кредит 'Дальше - меньше' предоставляется с процентной ставкой, которая ежегодно снижается, делая кредит более выгодным с течением времени.",,,,,,,,,,,,,,,,,,,
Продукты - Кредиты,Потребительские - Дальше - меньше,Как работает кредит Дальше - меньше?,высокий,новые клиенты,"Первый год вы платите по стандартной ставке, затем каждый год ставка автоматически снижается на установленный процент.",,,,,,,,,,,,,,,,,,,
Продукты - Кредиты,Потребительские - Дальше - меньше,На сколько снижается ставка каждый год?,средний,новые клиенты,"Размер ежегодного снижения ставки уточняйте при оформлении кредита, так как он зависит от условий программы.",,,,,,,,,,,,,,,,,,,
Продукты - Кредиты,Потребительские - Дальше - меньше,Какая первоначальная ставка?,высокий,новые клиенты,Первоначальная процентная ставка по кредиту 'Дальше - меньше' устанавливается в соответствии с действующими тарифами банка.,,,,,,,,,,,,,,,,,,,
Продукты - Кредиты,Потребительские - Дальше - меньше,Можно ли оформить онлайн?,высокий,новые клиенты,"Заявку на кредит можно подать онлайн через сайт банка, но для окончательного оформления потребуется визит в отделение.",,,,,,,,,,,,,,,,,,,
Продукты - Кредиты,Потребительские - Легко платить,Что такое льготные месяцы?,средний,новые клиенты,"Льготные месяцы - это период в начале кредита, когда вы платите по сниженной ставке и можете не погашать основной долг.",,,,,,,,,,,,,,,,,,,
Продукты - Кредиты,Потребительские - Легко платить,Как работает кредит Легко платить?,высокий,новые клиенты,"Первые 4 месяца вы платите по сниженной ставке без погашения основного долга, что делает первоначальные платежи минимальными.",,,,,,,,,,,,,,,,,,,
Продукты - Кредиты,Потребительские - Легко платить,Сколько месяцев льготный период?,средний,новые клиенты,Льготный период по кредиту 'Легко платить' составляет 4 месяца.,,,,,,,,,,,,,,,,,,,
Продукты - Кредиты,Потребительские - Легко платить,Какая ставка после льготного периода?,высокий,новые клиенты,После окончания льготного периода действует стандартная процентная ставка согласно тарифам банка.,,,,,,,,,,,,,,,,,,,
Продукты - Кредиты,Потребительские - Всё только начинается,Кто может оформить этот кредит?,высокий,новые клиенты,Кредит 'Всё только начинается' предназначен для клиентов старше 50 лет и предоставляет особые льготные условия.,,,,,,,,,,,,,,,,,,,
Продукты - Кредиты,Потребительские - Всё только начинается,Какой возраст для кредита 50+?,высокий,новые клиенты,"Кредит предназначен для граждан, которым исполнилось 50 лет и старше.",,,,,,,,,,,,,,,,,,,
Продукты - Кредиты,Потребительские - Всё только начинается,Какие льготы для пенсионеров?,высокий,новые клиенты,Для пенсионеров предусмотрены льготные процентные ставки и упрощенные требования по документам.,,,,,,,,,,,,,,,,,,,
Продукты - Кредиты,Потребительские - Всё только начинается,Какая максимальная сумма?,высокий,новые клиенты,Максимальная сумма кредита для клиентов 50+ определяется индивидуально с учетом платежеспособности.,,,,,,,,,,,,,,,,,,,
Продукты - Кредиты,Потребительские - Старт,На какую сумму можно взять Старт?,высокий,новые клиенты,Сумма кредита 'Старт' определяется индивидуально в зависимости от доходов и платежеспособности клиента.,,,,,,,,,,,,,,,,,,,
Продукты - Кредиты,Потребительские - Старт,Кто может оформить Старт?,высокий,новые клиенты,Кредит 'Старт' доступен всем работающим гражданам Республики Беларусь при соответствии требованиям банка.,,,,,,,,,,,,,,,,,,,
Продукты - Кредиты,Онлайн кредиты - Проще в онлайн,Как оформить онлайн кредит?,высокий,новые клиенты,"Онлайн кредит можно оформить через сайт vtb.by или мобильное приложение VTB mBank, заполнив заявку и загрузив необходимые документы.",,,,,,,,,,,,,,,,,,,
Продукты - Кредиты,Онлайн кредиты - Проще в онлайн,Нужно ли приходить в банк?,средний,новые клиенты,При оформлении онлайн кредита 'Проще в онлайн' посещение банка не требуется - все процедуры проводятся дистанционно.,,,,,,,,,,,,,,,,,,,
Продукты - Кредиты,Онлайн кредиты - Проще в онлайн,За сколько одобряется онлайн кредит?,средний,новые клиенты,"Решение по онлайн кредиту принимается в максимально короткие сроки, часто в течение нескольких часов.",,,,,,,,,,,,,,,,,,,
Продукты - Кредиты,Онлайн кредиты - Проще в онлайн,Какие документы загружать онлайн?,высокий,новые клиенты,"Для онлайн кредита необходимо загрузить скан паспорта и, при необходимости, справку о доходах.",,,,,,,,,,,,,,,,,,,
Продукты - Кредиты,Автокредиты - Автокредит без залога,На какие авто выдается кредит?,высокий,новые клиенты,Автокредит без залога выдается на покупку новых и подержанных автомобилей в автосалонах-партнерах банка.,,,,,,,,,,,,,,,,,,,
Продукты - Кредиты,Автокредиты - Автокредит без залога,Какая максимальная сумма автокредита?,высокий,новые клиенты,Максимальная сумма автокредита без залога составляет до 70 000 BYN на срок до 10 лет.,,,,,,,,,,,,,,,,,,,
Продукты - Кредиты,Автокредиты - Автокредит без залога,Нужно ли КАСКО для автокредита?,средний,новые клиенты,"Требования по страхованию КАСКО уточняйте при оформлении автокредита, так как они могут различаться в зависимости от суммы и срока.",,,,,,,,,,,,,,,,,,,
Продукты - Кредиты,Автокредиты - Автокредит без залога,Можно ли купить подержанное авто?,средний,новые клиенты,"Да, автокредит без залога доступен как для новых, так и для подержанных автомобилей определенного возраста.",,,,,,,,,,,,,,,,,,,
Продукты - Кредиты,Экспресс-кредиты - В магазинах-партнерах,В каких магазинах можно оформить?,высокий,новые клиенты,"Условия кредитования зависят от продукта; вы можете найти ставки, сроки и требования в разделе 'Кредиты' на сайте ВТБ (Беларусь).",,,,,,,,,,,,,,,,,,,
Продукты - Кредиты,Экспресс-кредиты - В магазинах-партнерах,За сколько одобряется экспресс-кредит?,средний,новые клиенты,Экспресс-кредит одобряется в течение нескольких минут прямо в магазине при наличии необходимых документов.,,,,,,,,,,,,,,,,,,,
Продукты - Кредиты,Экспресс-кредиты - В магазинах-партнерах,Какие документы нужны в магазине?,высокий,новые клиенты,"Для оформления экспресс-кредита в магазине достаточно паспорта и, при необходимости, справки о доходах.",,,,,,,,,,,,,,,,,,,
Продукты - Кредиты,Экспресс-кредиты - На роднае,Что такое кредит На роднае?,средний,новые клиенты,"Экспресс-кредит 'На ро́днае' предоставляет льготные условия для покупки товаров, произведенных в Республике Беларусь.",,,,,,,,,,,,,,,,,,,
Продукты - Кредиты,Экспресс-кредиты - На роднае,На какие товары распространяется?,высокий,новые клиенты,Кредит 'На ро́днае' действует на товары белорусского производства в магазинах-партнерах банка.,,,,,,,,,,,,,,,,,,,
Продукты - Кредиты,Экспресс-кредиты - На роднае,Какая льготная ставка?,высокий,новые клиенты,Льготная процентная ставка по кредиту 'На ро́днае' устанавливается согласно специальным условиям программы.,,,,,,,,,,,,,,,,,,,
Продукты - Вклады,Рублевые - Мои условия,Как открыть вклад Мои условия?,высокий,новые клиенты,Вклад 'Мои условия' можно открыть в любом отделении банка или онлайн через Интернет-банк. Доступны отзывная и безотзывная версии.,,,,,,,,,,,,,,,,,,,
Продукты - Вклады,Рублевые - Мои условия,Какая процентная ставка?,высокий,новые клиенты,Процентные ставки по вкладам регулярно обновляются. Актуальные ставки размещены на сайте vtb.by в разделе 'Вклады'.,,,,,,,,,,,,,,,,,,,
Продукты - Вклады,Рублевые - Мои условия,Можно ли досрочно закрыть?,средний,новые клиенты,Отзывный вклад можно закрыть досрочно без потери процентов. Безотзывный вклад закрывается досрочно с пересчетом процентов.,,,,,,,,,,,,,,,,,,,
Продукты - Вклады,Рублевые - Мои условия,Есть ли пополнение вклада?,средний,новые клиенты,Условия пополнения зависят от типа вклада. Подробности уточняйте при оформлении договора.,,,,,,,,,,,,,,,,,,,
Продукты - Вклады,Рублевые - Мои условия,Какая минимальная сумма?,высокий,новые клиенты,Минимальная сумма для открытия вклада указана в условиях по каждому продукту на сайте банка.,,,,,,,,,,,,,,,,,,,
Продукты - Вклады,Рублевые - Мои условия онлайн,Как открыть онлайн вклад?,высокий,новые клиенты,Онлайн вклад 'Мои условия онлайн' можно открыть через Интернет-банк или мобильное приложение VTB mBank без посещения отделения.,,,,,,,,,,,,,,,,,,,
Продукты - Вклады,Рублевые - Мои условия онлайн,Чем отличается от обычного?,средний,новые клиенты,"Онлайн вклад предлагает повышенные процентные ставки по сравнению с аналогичными продуктами, оформляемыми в отделении.",,,,,,,,,,,,,,,,,,,
Продукты - Вклады,Рублевые - Мои условия онлайн,Можно ли управлять через приложение?,средний,новые клиенты,"Да, всеми онлайн вкладами можно управлять через мобильное приложение VTB mBank и Интернет-банк.",,,,,,,,,,,,,,,,,,,
Продукты - Вклады,Рублевые - Мои условия онлайн,Как получить деньги при закрытии?,высокий,новые клиенты,"При закрытии онлайн вклада средства зачисляются на ваш текущий счет, с которого можно получить наличные в любом отделении банка.",,,,,,,,,,,,,,,,,,,
Продукты - Вклады,Рублевые - Великий путь,Что особенного в этом вкладе?,средний,новые клиенты,Вклад 'Великий путь' - это безотзывный депозит с особыми условиями доходности и сроками размещения.,,,,,,,,,,,,,,,,,,,
Продукты - Вклады,Рублевые - Великий путь,Какие условия по Великому пути?,высокий,новые клиенты,Подробные условия по вкладу 'Великий путь' уточняйте на сайте банка в разделе вкладов или в отделениях.,,,,,,,,,,,,,,,,,,,
Продукты - Вклады,Рублевые - Великий путь,Какая доходность?,высокий,новые клиенты,Доходность условного вклада устанавливается согласно тарифам банка с учетом особых условий продукта.,,,,,,,,,,,,,,,,,,,
Продукты - Вклады,Рублевые - СуперСемь,На какой срок вклад СуперСемь?,высокий,новые клиенты,Вклад 'СуперСемь' размещается на 7 дней с возможностью автоматической пролонгации.,,,,,,,,,,,,,,,,,,,
Продукты - Вклады,Рублевые - СуперСемь,Какая ставка по СуперСемь?,высокий,новые клиенты,Процентная ставка по вкладу 'СуперСемь' указана в действующих тарифах на сайте банка.,,,,,,,,,,,,,,,,,,,
Продукты - Вклады,Рублевые - СуперСемь,Можно ли открыть онлайн?,средний,новые клиенты,"Да, доступна онлайн версия вклада 'СуперСемь-онлайн' через Интернет-банк.",,,,,,,,,,,,,,,,,,,
Продукты - Вклады,Рублевые - Подушка безопасности,Как работает условный вклад?,высокий,новые клиенты,Условный вклад 'Подушка безопасности' позволяет изымать средства при наступлении определенных жизненных обстоятельств без потери процентов.,,,,,,,,,,,,,,,,,,,
Продукты - Вклады,Рублевые - Подушка безопасности,В каких случаях можно забрать?,высокий,новые клиенты,Условия досрочного изъятия без штрафов указаны в договоре вклада 'Подушка безопасности'.,,,,,,,,,,,,,,,,,,,
Продукты - Вклады,Рублевые - Подушка безопасности,Какая доходность?,высокий,новые клиенты,Доходность условного вклада устанавливается согласно тарифам банка с учетом особых условий продукта.,,,,,,,,,,,,,,,,,,,
Продукты - Вклады,Валютные - USD,Какая ставка по долларовому вкладу?,высокий,новые клиенты,Процентные ставки по валютным вкладам в USD регулярно обновляются в соответствии с рыночной ситуацией.,,,,,,,,,,,,,,,,,,,
Продукты - Вклады,Валютные - USD,Какая минимальная сумма в USD?,высокий,новые клиенты,Минимальная сумма для открытия долларового вклада указана в условиях по валютным депозитам на сайте банка.,,,,,,,,,,,,,,,,,,,
Продукты - Вклады,Валютные - USD,Можно ли пополнять валютный вклад?,средний,новые клиенты,Возможность пополнения валютных вкладов зависит от условий конкретного продукта.,,,,,,,,,,,,,,,,,,,
Продукты - Вклады,Валютные - EUR,Есть ли вклады в евро?,средний,новые клиенты,"Да, банк ВТБ (Беларусь) принимает вклады в евро на различные сроки.",,,,,,,,,,,,,,,,,,,
Продукты - Вклады,Валютные - EUR,Какие условия по EUR?,высокий,новые клиенты,Вклады в евро доступны; ставки и условия зависят от выбранного продукта и указаны на странице валютных вкладов.,,,,,,,,,,,,,,,,,,,
Продукты - Вклады,Валютные - EUR,Какая доходность в евро?,высокий,новые клиенты,Доходность по евровым вкладам устанавливается согласно действующим тарифам банка.,,,,,,,,,,,,,,,,,,,
Продукты - Вклады,Валютные - RUB,Можно ли открыть рублевый вклад?,средний,новые клиенты,"Да, банк принимает вклады в российских рублях на различные сроки и условия.",,,,,,,,,,,,,,,,,,,
Продукты - Вклады,Валютные - RUB,Какая ставка в российских рублях?,высокий,новые клиенты,Процентные ставки по рублевым вкладам указаны в тарифах банка на сайте vtb.by.,,,,,,,,,,,,,,,,,,,
Продукты - Вклады,Валютные - RUB,Есть ли ограничения для RUB?,средний,новые клиенты,"Ограничения по рублевым вкладам уточняйте при оформлении, так как они могут зависеть от валютного законодательства.",,,,,,,,,,,,,,,,,,,
Продукты - Вклады,Валютные - CNY,Принимаются ли юани на вклад?,средний,новые клиенты,"Да, банк ВТБ (Беларусь) принимает вклады в китайских юанях (CNY).",,,,,,,,,,,,,,,,,,,
Продукты - Вклады,Валютные - CNY,Какие условия по китайской валюте?,высокий,новые клиенты,"Вклады в китайских юанях (CNY) доступны; условия (ставки, сроки) публикуются на странице соответствующих валютных вкладов.",,,,,,,,,,,,,,,,,,,
Продукты - Вклады,Валютные - CNY,Какая доходность CNY?,высокий,новые клиенты,Доходность по вкладам в китайских юанях устанавливается согласно тарифам банка и рыночной ситуации.,,,,,,,,,,,,,,,,,,,
Частные клиенты,Кредиты,"Почему банк может отказать в выдаче кредита, и что такое ПДН?",средний,все клиенты,"Принятие решения о выдаче кредита происходит на основании анализа данных о клиенте, в том числе расчета его платежеспособности. 

По кредитам на потребительские нужды показатель долговой нагрузки (ПДН) – отношение размера ежемесячного платежа по операциям кредитного характера к размеру среднемесячного дохода. Данный показатель не должен превышать 40%.

Таким образом, банк может отказать в выдаче кредита, если ежемесячная плата по операциям кредитного характера слишком высокая.",,,,,,,,,,,,,,,,,,,
Частные клиенты,Кредиты,"Как узнать, закрыт ли кредитный договор?",средний,все клиенты,"Получить информацию о закрытии кредитного договора можно:
- в интернет-банке / мобильном приложении VTB Online;
- в офисе банка (при себе иметь паспорт) и по звонку по контактным телефонам.",,,,,,,,,,,,,,,,,,,
Частные клиенты,Кредиты,"Могу ли я оформить кредит, если являюсь самозанятым/ремесленником?",высокий,новые клиенты,"Да, оформление заявки на кредит возможно онлайн либо в офисе банка на сумму, не превышающую 10 000 BYN.
Самозанятые, уплачивающие единый налог, и ремесленники предоставляют выписку из данных учёта налоговых органов об исчисленных и уплаченных суммах налогов, сборов (пошлин), пеней. 
Самозанятые, уплачивающие налог на профессиональный доход, предоставляют информацию (чеки), подтверждающую уплату налога, сформированную в приложении «Налог на профессиональный доход». 
Документ (информация), подтверждающий уплату налогов должен содержать сведения за период не менее последних 3 месяцев.",,,,,,,,,,,,,,,,,,,
Частные клиенты,Кредиты,Нужна ли справка о доходах для оформления потребительского кредита?,высокий,новые клиенты,"Предоставление справки о доходах не обязательно.
Но, если ваши доходы выше, чем средняя заработная плата по отрасли трудоустройства, то при предоставлении справки о доходах вероятность получить кредит выше. Бланк справки о доходах.",,,,,,,,,,,,,,,,,,,
Частные клиенты,Кредиты,"Если я оплатил сумму больше, чем мой платеж по графику, спишется ли переплата в счет погашения основного долга автоматически? И нужно ли информировать банк о переплате?",средний,все клиенты,"В данном случае необходимо оформить процедуру частичного досрочного погашения. Это можно сделать одним из следующих способов:

- в интернет-банке / мобильном приложении VTB Online;
- в офисе банка (при себе иметь паспорт).

Подробнее с информацией о порядке и способах погашения потребительского кредита (в том числе частичного и полного) можно ознакомиться в памятке.",,,,,,,,,,,,,,,,,,,
Частные клиенты,Кредиты,Можно ли получить кредит онлайн?,средний,все клиенты,"Банк ВТБ (Беларусь) предлагает онлайн-оформление потребительского кредита, универсальной карточки рассрочки Черепаха, кредитной карты Портмоне 2.0 или PLAT/ON. Доступная сумма кредитного лимита будет рассчитываться исходя из дохода и действующих кредитов/рассрочек. Окончательное решение принимается после оформления заявки в интернет-банке / мобильном приложении VTB Online.",,,,,,,,,,,,,,,,,,,
Частные клиенты,Кредиты,"Можно ли оформить кредит, находясь в декретном отпуске?",высокий,новые клиенты,"К сожалению, нет. По условиям кредитных программ, заявитель не должен находиться в социальном отпуске по уходу за ребенком до достижения им возраста 3-х лет.",,,,,,,,,,,,,,,,,,,
Частные клиенты,Кредиты,"Могу ли я взять кредит, если официально работаю за рубежом?",средний,все клиенты,"Да, оформление заявки на кредит возможно на сумму, не превышающую 15 000 BYN.",,,,,,,,,,,,,,,,,,,
Частные клиенты,Кредиты,"Могу ли я получить кредит на потребительские нужды, если являюсь ИП?",средний,все клиенты,"Да, оформление заявки на кредит возможно.
Доступная сумма кредита будет рассчитываться исходя из дохода индивидуального предпринимателя и действующих кредитов, рассрочек.",,,,,,,,,,,,,,,,,,,
Частные клиенты,Кредиты,Можно ли оформить в ВТБ (Беларусь) кредит пенсионеру?,высокий,новые клиенты,"Банк ВТБ (Беларусь) предлагает оформление кредита наличными или на карту, при этом возраст заявителя по ряду кредитных программ должен быть не более 75 лет на момент окончания кредитования.",,,,,,,,,,,,,,,,,,,
Частные клиенты,Кредиты,Какая максимальная сумма беззалогового кредитного продукта?,средний,все клиенты,Максимальная сумма беззалогового кредитного продукта – 200 000 белорусских рублей.,,,,,,,,,,,,,,,,,,,
Частные клиенты,Кредиты,"Существует ли в банке возрастное ограничение к физическим лицам, зарегистрированным в качестве индивидуального предпринимателя?",средний,все клиенты,"На момент подачи заявки на кредитный продукт возраст индивидуального предпринимателя должен быть от 25 лет и до 64 лет (включительно).

",,,,,,,,,,,,,,,,,,,
Частные клиенты,Кредиты,В каких валютах можно получить кредит в банке?,средний,все клиенты,"ВТБ (Беларусь) предоставляет кредиты в белорусских рублях (BYN), российских рублях (RUB), долларах США (USD), евро (EUR) и китайских юанях (CNY).",,,,,,,,,,,,,,,,,,,
Частные клиенты,Кредиты,Возможно ли дистанционно направить в банк заявку на кредит?,средний,все клиенты,"Да, такая возможность предусмотрена для клиентов малого бизнеса (ИП и организаций), подключенных к системе Интернет-Банк.",,,,,,,,,,,,,,,,,,,
Частные клиенты,Кредиты,"Возможно ли обратиться в банк с заявкой на кредит, если с даты государственной регистрации организации прошло 7 месяцев?",средний,все клиенты,"Да, возможно. Для клиентов малого бизнеса, срок деятельности которых от 6 до 12 месяцев (исчисляется с даты государственной регистрации до дня обращения в банк), банк предлагает кредитные продукты под обеспечение в виде залога (гарантийного депозита денег, поручительство государственных фондов) в размере не менее 50% от суммы кредитного продукта. ",,,,,,,,,,,,,,,,,,,
Частные клиенты,Кредиты,Использование системы ЕРИП для погашения,средний,все клиенты,Погашение кредитов и пополнение счетов можно произвести через систему ЕРИП (выберите услугу банка ВТБ (Беларусь) и введите номер договора).,,,,,,,,,,,,,,,,,,,
Частные клиенты,Кредиты,USSD-запросы для получения информации о платеже,средний,все клиенты,USSD-сервисы доступны: формат запроса для информации о платеже по кредиту — *130*7*<номер_договора>#. Полный перечень USSD-служб указан в разделе 'USSD-сервисы'.,,,,,,,,,,,,,,,,,,,
Частные клиенты,Кредиты,"Если у кредитополучателя была смена фамилии и паспорта, надо ли сообщать об этом в банк? Есть кредит в Вашем банке, но недавно у меня изменился номер мобильного телефона. Как можно проинформировать банк?",средний,все клиенты,"Для актуализации паспортных данных Вам необходимо обратиться в любой офис банка ВТБ с паспортом и свидетельством о браке. Адреса и режим работы офисов указаны на сайте банка https://www.vtb.by/regionalnaya-set.

Для актуализации контактных данных Вам необходимо обратиться в любой офис банка ВТБ с паспортом.",,,,,,,,,,,,,,,,,,,
Частные клиенты,Кредиты,"Как узнать сколько нужно платить по кредиту?
",средний,все клиенты,"Информация о минимальной обязательной сумме ежемесячного платежа:

- доступна в интернет-банке / мобильном приложении VTB Online;
- доступна посредством запроса «USSD-предстоящий платеж по кредиту» (для абонентов А1 и МТС) следующего формата: *130*7*ХХХХХХХХХ#вызов, где ХХХХХХХХХ – платежный номер по кредиту. Запрос должен быть выполнен кредитополучателем с мобильного телефона, предоставленного в банк вместе с иными клиентскими данными (первоначально в заявлении-анкете);
- доступна к получению в офисе банка (при себе иметь паспорт) и по звонку по контактным телефонам.

Подробнее с информацией о порядке и способах погашения потребительского кредита (в том числе частичного и полного) можно ознакомиться в памятке.",,,,,,,,,,,,,,,,,,,
Частные клиенты,Кредиты,"Взимается ли плата за зачисление кредитных средств на текущий счет клиента либо по реквизитам, указанным клиентом?",средний,все клиенты,Предоставление кредита (зачисление на текущий (расчетный) банковский счет либо перечисление денежных средств по указанным клиентом реквизитам) осуществляется бесплатно.,,,,,,,,,,,,,,,,,,,
Частные клиенты,Кредиты,Могу ли я отозвать свое согласие на предоставление кредитного отчета?,средний,все клиенты,"Согласие на предоставление кредитного отчета может быть отозвано кредитополучателем в порядке, определяемом Национальным банком Республики Беларусь, за исключением случаев наличия действующей кредитной сделки между банком и кредитополучателем.",,,,,,,,,,,,,,,,,,,
Частные клиенты,Кредиты,С какой целью при оформлении кредита открывается текущий счет? И нужно ли платить за его открытие?,средний,все клиенты,"При оформлении потребительского кредита клиенту предлагается заключить два вида договоров: кредитный договор и договор текущего (расчетного) банковского счета. 
Текущий (расчетный) банковский счет используется не только для зачисления кредитных денежных средств, но и для погашения кредита: ежемесячно клиенту необходимо вносить на данный счет сумму средств, достаточную для уплаты ежемесячного платежа по кредиту. 
Открытие текущего (расчетного) банковского счета в рамках кредитных программ банка осуществляется бесплатно.",,,,,,,,,,,,,,,,,,,
Частные клиенты,Банковские карточки,Как узнать текущий платеж по кредитной карточке?,средний,все клиенты,"Информация о минимальной обязательной сумме ежемесячного платежа:
- доступна в интернет-банке / мобильном приложении VTB Online;
- доступна посредством запроса «USSD-предстоящий платеж по кредитной карточке» (для абонентов А1 и МТС) следующего формата: *130*7*ХХХХХХХХХ#вызов, где ХХХХХХХХХ – платежный номер по кредитной карточке. Запрос должен быть выполнен кредитополучателем с мобильного телефона, предоставленного в банк вместе с иными клиентскими данными (первоначально в заявлении-анкете);
- доступна к получению в офисе банка (при себе иметь паспорт) и по звонку по контактным телефонам.",,,,,,,,,,,,,,,,,,,
Частные клиенты,Банковские карточки,Как можно бесплатно и мгновенно пополнить платежную карточку банка?,средний,все клиенты,"1. Через участников системы АИС ""Расчет"" (маршрут в ЕРИП: Банковские, финансовые услуги - Банки НКФО - Банк ВТБ (Беларусь) - Пополнение карточек и Е+PAY). 2. Переводом с другой карточки банка ВТБ (Беларусь), с другой карточки банков-резидентов Республики Беларусь и с карточек платежной стсемы ""Мир"" из иных стран. 3. В отделениях банка ВТБ (Беларусь).",,,,,,,,,,,,,,,,,,,
Частные клиенты,Банковские карточки,Как быстро можно получить карточку «Мир»?,средний,все клиенты,"При обращении в офис Банка ВТБ (Беларусь), выдается карта мгновенного выпуска, сразу при обращении клиента. При заказе  в интернет-банке / мобильном приложении VTB Online  карточка изготавливается именная (срок изготовления и доставки от 3-х дней). Также в интернет-банке / мобильном приложении VTB Online  можно выпустить виртуальную  карточку  «Мир»  в  BYN ,  например карточку MORE (оформление  и выпуск займет не более 5 минут).",,,,,,,,,,,,,,,,,,,
Частные клиенты,Банковские карточки,Можно ли получить карточку почтой?,средний,все клиенты,"При заказе карты в интернет-банке (включая мобильное приложение VTB Online), можно выбрать способ получения карточки (в офисе банка или доставка почтой). Доставка осуществляется только по территории Республики Беларусь.",,,,,,,,,,,,,,,,,,,
Частные клиенты,Банковские карточки,С какого возраста можно оформить платежную карточку в банке?,высокий,новые клиенты,"Оформление карточки возможно начиная с 14 лет, при наличии документа, удостоверяющего личность.

ВАЖНО. В случае оформления карточки лицом, не достигшим восемнадцатилетнего возраста, необходимо согласие законного представителя.",,,,,,,,,,,,,,,,,,,
Частные клиенты,Банковские карточки,Как активировать карточку?,средний,все клиенты,"Необходимо совершить первую успешную операцию с вводом ПИН-кода, например совершить запрос баланса в  банкомате любого банка (один запрос в месяц бесплатный).",,,,,,,,,,,,,,,,,,,
Частные клиенты,Банковские карточки,Обязательно ли обращаться в офис банка для оформления платежной карточки?,высокий,новые клиенты,Не обязательно — многие карты можно заказать онлайн через интернет-банк или мобильное приложение; получение пластика может потребовать посещения отделения или курьерскую доставку.,,,,,,,,,,,,,,,,,,,
Частные клиенты,Банковские карточки,"Какую карточку оформить, чтобы оплачивать товары на OZON, Wildberries?",высокий,новые клиенты,"Банк предлагает оформление карточек платежной системы «Мир» и Белкарт, которыми можно рассчитываться на интернет-ресурсах, принимающих карточки «Мир», в том числе OZON, E-dostavka, Wildberries и других торговых площадках с  размещенным логотипом «Мир» и/или Белкарт.",,,,,,,,,,,,,,,,,,,
Частные клиенты,Банковские карточки,Как можно бесплатно пополнить карточку MORE?,средний,все клиенты,"Через участников системы АИС «Расчёт» (ЕРИП), в том числе отделения РУП «Белпочта».
Банковским переводом внутри страны, в том числе от организаций без заключения договора на зарплатное обслуживание. Переводом с другой карточки банка ВТБ (Беларусь) и с карточек ПС «Мир» из иных стран. В отделениях банка ВТБ (Беларусь).",,,,,,,,,,,,,,,,,,,
Частные клиенты,Банковские карточки,Карты каких платежных систем можно использовать в Mir Pay?,средний,все клиенты,В приложение Mir Pay можно добавить любую карточку «Мир» ЗАО Банк ВТБ (Беларусь).,,,,,,,,,,,,,,,,,,,
Частные клиенты,Банковские карточки,Сколько стоит сервис Mir Pay?,средний,все клиенты,Данный сервис абсолютно бесплатный для всех клиентов — вам нужна только активная карта «Мир» ЗАО Банк ВТБ (Беларусь). При оплате покупок дополнительная комиссия также не взимается.,,,,,,,,,,,,,,,,,,,
Частные клиенты,Банковские карточки,Какие устройства совместимы с Mir Pay?,средний,все клиенты,Mir Pay поддерживается только смартфонами на базе OC Android. Обязательными условиями являются поддержка технологии NFC и предустановленная версия ОС Android не ниже 7.0.,,,,,,,,,,,,,,,,,,,
Частные клиенты,Банковские карточки,Рекомендации по безопасному использованию карточек,средний,все клиенты,"Можете ознакомиться с рекомендациями по данной ссылке.
https://www.nbrb.by/today/FinLiteracy/Consumer/recomend_card.pdf",,,,,,,,,,,,,,,,,,,
Частные клиенты,Банковские карточки,Действия при утрате карточки,средний,все клиенты,"При утрате карточки банка «ВТБ (Беларусь)» рекомендуется незамедлительно заблокировать её любым доступным способом:
- через интернет-банк или М-банкинг;
- с помощью услуги «USSD-блокировка» (нужно отправить с номера мобильного телефона, предоставленного ранее в банк, USSD-команду 13021XXXX# вызов, где XXXX — последние четыре цифры номера карточки);
по телефонам: +375 17 309 15 15, +375 29 309 15 15, +375 33 309 15 15.",,,,,,,,,,,,,,,,,,,
Частные клиенты,Банковские карточки,Я потерял пин-код к карточке. Как его восстановить?,средний,все клиенты,"Вы можете осуществить смену ПИН-кода карточки бесплатно в сервисе Интернет-банк/ М-банкинг. Необходимо в разделе ""Карточки"" выбрать карточку и перейти по ссылке ""Смена ПИН-кода"".

Также можно сменить ПИН-код, позвонив в банк по телефону: +375 (17/ 29/ 33) 3091515, в данном случае плата за смену ПИН-кода составит 3 рубля/ 2 доллара США либо евро/ 100 российских рублей.",,,,,,,,,,,,,,,,,,,
Частные клиенты,Банковские карточки,"Как отключить SMS-информирование по карте без обращения в банк?
",средний,все клиенты,"Отключить услугу SMS- информирование можно в сервисе ""Интернет-банк""/""М-банкинг"". Для этого необходимо в разделе ""Карточки"" выбрать карту, затем вкладку ""Сервисы"" и перейти по ссылке ""SMS-информирование"", в данном случае услуга бесплатная.",,,,,,,,,,,,,,,,,,,
Частные клиенты,Банковские карточки,"У меня карта российского банка, могу ли я снять деньги в банкомате Банка ВТБ (Беларусь)?
",средний,все клиенты,"Снять наличные средства можно в белорусских рублях в банкоматах ЗАО Банк ВТБ (Беларусь) по карточкам платежной системы МИР. Комиссия со стороны ЗАО Банк ВТБ (Беларусь) за снятие наличных не взимается, при этом установлен лимит по снятию наличных по одной карточке в размере до 50 (пятидесяти) базовых величин Республики Беларусь в месяц. Рекомендуем Вам также уточнить тарифы и ограничения, установленные банком-эмитентом Вашей карточки.",,,,,,,,,,,,,,,,,,,
Частные клиенты,Банковские карточки,"Каким способом можно пополнить карточку, оформленную в Банке ВТБ (Беларусь), находясь в Москве?",средний,все клиенты,"Пополнить карточку, эмитированную ЗАО Банк ВТБ (Беларусь), можно следующими способами:

1) Посредством перевода с карты на карту. Комиссию за зачисление на счет Банк ВТБ (Беларусь) не взимает;

2) Оформить банковский перевод из банка-нерезидента. За зачисление денежных средств со счетов, открытых в иных банках, на Ваш счет, Банком ВТБ (Беларусь) взимается плата согласно Сборнику плат (Раздел 8, пункт 8.1.7.).",,,,,,,,,,,,,,,,,,,
Частные клиенты,Банковские карточки,"Как быстро можно получить карточку «Мир» или Белкарт?
",средний,все клиенты,"При обращении в офис Банка ВТБ (Беларусь), выдается карта мгновенного выпуска, сразу при обращении клиента.

При заказе  в интернет-банке / мобильном приложении VTB Online  карточка изготавливается именная (срок изготовления и доставки от 3-х дней).

Также в интернет-банке / мобильном приложении VTB Online  можно выпустить виртуальную  карточку  «Мир»  в  BYN ,  например карточку MORE (оформление  и выпуск займет не более 5 минут).",,,,,,,,,,,,,,,,,,,
Частные клиенты,Вклады и депозиты,Могу ли я оформить онлайн-вклад в вашем банке?,высокий,новые клиенты,"Банк ВТБ (Беларусь) предлагает своим клиентам открытие безотзывных вкладов ""Мои условия онлайн"" и ""СуперСемь-онлайн"" в интернет-банке / мобильном приложении VTB Online. Для этого необходимо иметь текущий счет либо счет с карточкой, открытый в нашем банке. Валюта данного счета и валюта вклада должны совпадать.",,,,,,,,,,,,,,,,,,,
Частные клиенты,Вклады и депозиты,Обязательно ли приходить в офис банка для открытия депозитного счета?,высокий,новые клиенты,При наличии открытого текущего (расчетного) счета в ВТБ (Беларусь) вы можете открыть депозитный счет прямо в Интернет-банке. Посещать офис банка для этого не нужно.,,,,,,,,,,,,,,,,,,,
Частные клиенты,Вклады и депозиты,Какой регламент размещения онлайн-депозитов?,высокий,новые клиенты,С регламентом размещения депозитов вы можете ознакомиться по ссылке: https://www.vtb.by/korporativnym-klientam/raschetno-kassovoe-obsluzhivanie-dlya-korporativnyh-klientov,,,,,,,,,,,,,,,,,,,
Частные клиенты,Вклады и депозиты,"Возможно ли перечислить первоначальный взнос в депозит в сумме, которая будет выше первоначального взноса, указанного в депозитном договоре?",высокий,новые клиенты,"Да, возможно. Сумма денежных средств, перечисленных сверх суммы первоначального взноса, указанной в депозитном договоре, является дополнительным взносом в депозит. Он будет размещен в рамках условий депозитного договора.",,,,,,,,,,,,,,,,,,,
Частные клиенты,Вклады и депозиты,"Возможно ли оформить депозит, не посещая офис банка?",высокий,новые клиенты,"Да, возможно. В Интернет-банке и приложении VTB Business вы можете оформить отзывный или безотзывный депозит онлайн. Разместить денежные средства можно в белорусских или российских рублях, а также китайских юанях.

",,,,,,,,,,,,,,,,,,,
Частные клиенты,Вклады и депозиты,Возможно ли оформить депозит с перечислением денежных средств из другого банка?,высокий,новые клиенты,"Да, возможно. Вы можете воспользоваться опцией размещения депозита в Интернет-банке с выбором варианта перечисления первоначального взноса из другого банка.


",,,,,,,,,,,,,,,,,,,
Частные клиенты,Вклады и депозиты,При оформлении вклада в каком случае нужно платить подоходный налог?,высокий,новые клиенты,"Оплата подоходного налога процентных доходов, полученных по банковским вкладам зависит от фактического срока хранения денежных средств на счете вклада (депозита). Подлежат налогообложению процентные доходы по тем денежным средствам, фактический срок размещения которых на счете банковского вклада (депозита) составляет менее одного года в белорусских рублях, а в иностранных валютах менее двух лет. ",,,,,,,,,,,,,,,,,,,
Частные клиенты,Вклады и депозиты,Мне необходимо самому производить оплату подоходного налога в налоговый орган?,средний,все клиенты,"Банк является налоговым агентом, поэтому проценты по вкладу начисляются клиенту уже за вычетом подоходного налога.",,,,,,,,,,,,,,,,,,,
Частные клиенты,Вклады и депозиты,Где можно получить наличные после окончания онлайн-вклада?,средний,все клиенты,"Получить наличные денежные средства возможно в любом офисе банка. Для Вашего удобства необходимо в интернет-банке / мобильном приложении VTB Online осуществить дистанционный заказ денежной наличности. Заказ наличности в интернет-банке / мобильном приложении VTB mBank доступен по онлайн-вкладам не ранее чем за 15 дней до срока окончания вклада. Необходимо в личном кабинете выбрать Вклад далее пункт «Заказать денежную наличность» - ввести сумму для заказа и выбрать офис (ДО или РД) – подтвердить действия сеансовым паролем. В дальнейшем с Вами свяжется специалист офиса по номеру, имеющемуся в банке. ",,,,,,,,,,,,,,,,,,,
Частные клиенты,Вклады и депозиты,Может ли нерезидент Беларуси открыть вклад в вашем банке?,средний,все клиенты,"Нерезидент Республики Беларусь может открыть вкладной счет в ЗАО Банк ВТБ (Беларусь) и разместить безотзывный и отзывный вклад на предлагаемые сроки. Необходимо лично обратиться в любое отделение банка с паспортом. Также можно дистанционно открыть онлайн-депозит в интернет-банке / мобильном приложении VTB Online, при этом необходимо иметь текущий счет либо счет с карточкой, открытый в Банке ВТБ (Беларусь). Валюта данного счета и валюта вклада должны совпадать.",,,,,,,,,,,,,,,,,,,
Частные клиенты,Вклады и депозиты,"Могу ли я закрыть вклад, размещенный в офисе банка ВТБ (Беларусь) расположенном в Минске, находясь в другом городе?",средний,все клиенты,Закрытие вкладного счета в дату окончания вклада банк осуществляет без предоставления вкладчиком дополнительных платежных инструкций. Оформить заявление на досрочное закрытие отзывного вклада возможно в любом офисе банка на всей территории Республики Беларусь. При себе Вам необходимо иметь паспорт. Это касается также и операций пополнения либо снятия денежных средств со счета в офисе банка.,,,,,,,,,,,,,,,,,,,
Частные клиенты,Вклады и депозиты,Могу ли я по телефону узнать дату окончания вклада?,средний,все клиенты,Дату окончания вклада можно узнать в личном кабинете в интернет-банке / мобильном приложении VTB Online в разделе Депозиты. Также информация по вкладному счету может быть предоставлена вкладчику (доверенному лицу) при личном обращении в офис банка ВТБ (Беларусь).,,,,,,,,,,,,,,,,,,,
Частные клиенты,Вклады и депозиты,На какие пункты договора вклада стоит обращать особое внимание?,средний,все клиенты,"В банковском кодексе прописан ряд существенных условий, которые должны быть отражены в обязательном порядке в договоре банковского вклада. Это фамилия, имя, отчество вкладчика; валюта вклада и сумма первоначального взноса; размер процентной ставки; срок возврата вклада и некоторые другие.",,,,,,,,,,,,,,,,,,,
Частные клиенты,Вклады и депозиты,Что делать если банк обанкротился? Что такое возмещение по вкладам?,средний,все клиенты,"Государство гарантирует сохранность денежных средств, размещенных на счетах и (или) в банковские вклады (депозиты) в банках Республики Беларусь для физических лиц, в том числе выступавших в качестве индивидуальных предпринимателей, в соответствии с:
Законом Республики Беларусь от 8 июля 2008 г. № 369-З “О гарантированном возмещении банковских вкладов (депозитов) физических лиц” (в ред. Закона Республики Беларусь от 11.11.2021 г. № 128-З)
Декретом Президента Республики Беларусь от 4 ноября 2008 г. № 22 “О гарантиях сохранности денежных средств физических лиц, размещенных на счетах и (или) в банковские вклады (депозиты)” (в ред. Декрета Президента Республики Беларусь от 31.01.2022 г. № 1)",,,,,,,,,,,,,,,,,,,
Частные клиенты,Вклады и депозиты,Капитализация процентов ,средний,все клиенты,"Это дополнительное условие по вкладу связанное с присоединением суммы начисленных процентов (как правило,1 раз в месяц) к сумме договора. В результате в следующем месяце при расчете суммы процентов будет использоваться большая расчетная сумма (сумма вклада+ сумма % за предыдущий месяц), что позволяет в итоге получать больший размер дохода по вкладу",,,,,,,,,,,,,,,,,,,
Частные клиенты,Онлайн-сервисы,Почему не получается войти под логином и паролем из старого ДБО?,средний,все клиенты,Новые системы Мобильного и Интернет-банка базируются на разных базах зарегистрированных клиентов. Вам потребуется пройти процедуру регистрации в системе при первом использовании системы.,,,,,,,,,,,,,,,,,,,
Частные клиенты,Онлайн-сервисы,"Система пишет, что такого клиента нет. Что делать?",средний,все клиенты,"Перед началом использования системы требуется пройти процедуру регистрации. Это требование распространяется на всех Клиентов Банка, вне зависимости от того, использовали они старые системы Мобильного и Интернет-банка ранее или нет.",,,,,,,,,,,,,,,,,,,
Частные клиенты,Онлайн-сервисы,А логин и пароль в новом Интернет-банке и Мобильном банке отличаются?,средний,все клиенты,"Нет, Клиент может, используя одну комбинацию логина и пароля, получить доступ к Мобильной и Интернет версии новой системы.",,,,,,,,,,,,,,,,,,,
Частные клиенты,Онлайн-сервисы,Есть ли возможность принимать платежи из-за границы?,средний,все клиенты,Платежи сервиса E-POS доступны только на территории Республики Беларусь.,,,,,,,,,,,,,,,,,,,
Частные клиенты,Онлайн-сервисы,Где получить информацию о платежах за месяц?,средний,все клиенты,"В личном кабинете E-POS реализован сервис формирования и отправки отчетов на e-mail за любой период, который укажет клиент.",,,,,,,,,,,,,,,,,,,
Частные клиенты,Онлайн-сервисы,Потребуется ли какое-то специальное оборудование или программное обеспечение для подключения к сервису e-pos?,средний,все клиенты,"Специальное оборудование и разработка программного обеспечения не требуются. Достаточно иметь устройство с выходом в интернет (компьютер, ноутбук, планшет).",,,,,,,,,,,,,,,,,,,
,,,,,,,,,,,,,,,,,,,,,,,,
,,,,,,,,,,,,,,,,,,,,,,,,
,,,,,,,,,,,,,,,,,,,,,,,,
,,,,,,,,,,,,,,,,,,,,,,,,
,,,,,,,,,,,,,,,,,,,,,,,,
,,,,,,,,,,,,,,,,,,,,,,,,
,,,,,,,,,,,,,,,,,,,,,,,,
,,,,,,,,,,,,,,,,,,,,,,,,
,,,,,,,,,,,,,,,,,,,,,,,,
,,,,,,,,,,,,,,,,,,,,,,,,
,,,,,,,,,,,,,,,,,,,,,,,,
,,,,,,,,,,,,,,,,,,,,,,,,
,,,,,,,,,,,,,,,,,,,,,,,,
,,,,,,,,,,,,,,,,,,,,,,,,
,,,,,,,,,,,,,,,,,,,,,,,,
,,,,,,,,,,,,,,,,,,,,,,,,
,,,,,,,,,,,,,,,,,,,,,,,,
,,,,,,,,,,,,,,,,,,,,,,,,
,,,,,,,,,,,,,,,,,,,,,,,,
,,,,,,,,,,,,,,,,,,,,,,,,
,,,,,,,,,,,,,,,,,,,,,,,,
,,,,,,,,,,,,,,,,,,,,,,,,
,,,,,,,,,,,,,,,,,,,,,,,,
,,,,,,,,,,,,,,,,,,,,,,,,
,,,,,,,,,,,,,,,,,,,,,,,,
,,,,,,,,,,,,,,,,,,,,,,,,
,,,,,,,,,,,,,,,,,,,,,,,,
,,,,,,,,,,,,,,,,,,,,,,,,
,,,,,,,,,,,,,,,,,,,,,,,,
,,,,,,,,,,,,,,,,,,,,,,,,
,,,,,,,,,,,,,,,,,,,,,,,,
,,,,,,,,,,,,,,,,,,,,,,,,
,,,,,,,,,,,,,,,,,,,,,,,,
,,,,,,,,,,,,,,,,,,,,,,,,
,,,,,,,,,,,,,,,,,,,,,,,,
,,,,,,,,,,,,,,,,,,,,,,,,
,,,,,,,,,,,,,,,,,,,,,,,,
,,,,,,,,,,,,,,,,,,,,,,,,
,,,,,,,,,,,,,,,,,,,,,,,,
,,,,,,,,,,,,,,,,,,,,,,,,
,,,,,,,,,,,,,,,,,,,,,,,,
,,,,,,,,,,,,,,,,,,,,,,,,
,,,,,,,,,,,,,,,,,,,,,,,,
,,,,,,,,,,,,,,,,,,,,,,,,
,,,,,,,,,,,,,,,,,,,,,,,,
,,,,,,,,,,,,,,,,,,,,,,,,
,,,,,,,,,,,,,,,,,,,,,,,,
,,,,,,,,,,,,,,,,,,,,,,,,
,,,,,,,,,,,,,,,,,,,,,,,,
,,,,,,,,,,,,,,,,,,,,,,,,
,,,,,,,,,,,,,,,,,,,,,,,,
,,,,,,,,,,,,,,,,,,,,,,,,
,,,,,,,,,,,,,,,,,,,,,,,,
,,,,,,,,,,,,,,,,,,,,,,,,
,,,,,,,,,,,,,,,,,,,,,,,,
,,,,,,,,,,,,,,,,,,,,,,,,
,,,,,,,,,,,,,,,,,,,,,,,,
,,,,,,,,,,,,,,,,,,,,,,,,
,,,,,,,,,,,,,,,,,,,,,,,,
,,,,,,,,,,,,,,,,,,,,,,,,
,,,,,,,,,,,,,,,,,,,,,,,,
,,,,,,,,,,,,,,,,,,,,,,,,
,,,,,,,,,,,,,,,,,,,,,,,,
,,,,,,,,,,,,,,,,,,,,,,,,
,,,,,,,,,,,,,,,,,,,,,,,,
,,,,,,,,,,,,,,,,,,,,,,,,
,,,,,,,,,,,,,,,,,,,,,,,,
,,,,,,,,,,,,,,,,,,,,,,,,
,,,,,,,,,,,,,,,,,,,,,,,,
,,,,,,,,,,,,,,,,,,,,,,,,
,,,,,,,,,,,,,,,,,,,,,,,,
,,,,,,,,,,,,,,,,,,,,,,,,
,,,,,,,,,,,,,,,,,,,,,,,,
,,,,,,,,,,,,,,,,,,,,,,,,
,,,,,,,,,,,,,,,,,,,,,,,,
,,,,,,,,,,,,,,,,,,,,,,,,
,,,,,,,,,,,,,,,,,,,,,,,,
,,,,,,,,,,,,,,,,,,,,,,,,
,,,,,,,,,,,,,,,,,,,,,,,,
,,,,,,,,,,,,,,,,,,,,,,,,
,,,,,,,,,,,,,,,,,,,,,,,,
,,,,,,,,,,,,,,,,,,,,,,,,
,,,,,,,,,,,,,,,,,,,,,,,,
,,,,,,,,,,,,,,,,,,,,,,,,
,,,,,,,,,,,,,,,,,,,,,,,,
,,,,,,,,,,,,,,,,,,,,,,,,
,,,,,,,,,,,,,,,,,,,,,,,,
,,,,,,,,,,,,,,,,,,,,,,,,
,,,,,,,,,,,,,,,,,,,,,,,,
,,,,,,,,,,,,,,,,,,,,,,,,
,,,,,,,,,,,,,,,,,,,,,,,,
,,,,,,,,,,,,,,,,,,,,,,,,
,,,,,,,,,,,,,,,,,,,,,,,,
,,,,,,,,,,,,,,,,,,,,,,,,
,,,,,,,,,,,,,,,,,,,,,,,,
,,,,,,,,,,,,,,,,,,,,,,,,
,,,,,,,,,,,,,,,,,,,,,,,,
,,,,,,,,,,,,,,,,,,,,,,,,
,,,,,,,,,,,,,,,,,,,,,,,,
,,,,,,,,,,,,,,,,,,,,,,,,
,,,,,,,,,,,,,,,,,,,,,,,,
,,,,,,,,,,,,,,,,,,,,,,,,
,,,,,,,,,,,,,,,,,,,,,,,,
,,,,,,,,,,,,,,,,,,,,,,,,
,,,,,,,,,,,,,,,,,,,,,,,,
,,,,,,,,,,,,,,,,,,,,,,,,
,,,,,,,,,,,,,,,,,,,,,,,,
,,,,,,,,,,,,,,,,,,,,,,,,
,,,,,,,,,,,,,,,,,,,,,,,,
,,,,,,,,,,,,,,,,,,,,,,,,
,,,,,,,,,,,,,,,,,,,,,,,,
,,,,,,,,,,,,,,,,,,,,,,,,
,,,,,,,,,,,,,,,,,,,,,,,,
,,,,,,,,,,,,,,,,,,,,,,,,
,,,,,,,,,,,,,,,,,,,,,,,,
,,,,,,,,,,,,,,,,,,,,,,,,
,,,,,,,,,,,,,,,,,,,,,,,,
,,,,,,,,,,,,,,,,,,,,,,,,
,,,,,,,,,,,,,,,,,,,,,,,,
,,,,,,,,,,,,,,,,,,,,,,,,
,,,,,,,,,,,,,,,,,,,,,,,,
,,,,,,,,,,,,,,,,,,,,,,,,
,,,,,,,,,,,,,,,,,,,,,,,,
,,,,,,,,,,,,,,,,,,,,,,,,
,,,,,,,,,,,,,,,,,,,,,,,,
,,,,,,,,,,,,,,,,,,,,,,,,
,,,,,,,,,,,,,,,,,,,,,,,,
,,,,,,,,,,,,,,,,,,,,,,,,
,,,,,,,,,,,,,,,,,,,,,,,,
,,,,,,,,,,,,,,,,,,,,,,,,
,,,,,,,,,,,,,,,,,,,,,,,,
,,,,,,,,,,,,,,,,,,,,,,,,
,,,,,,,,,,,,,,,,,,,,,,,,
,,,,,,,,,,,,,,,,,,,,,,,,
,,,,,,,,,,,,,,,,,,,,,,,,
,,,,,,,,,,,,,,,,,,,,,,,,
,,,,,,,,,,,,,,,,,,,,,,,,
,,,,,,,,,,,,,,,,,,,,,,,,
,,,,,,,,,,,,,,,,,,,,,,,,
,,,,,,,,,,,,,,,,,,,,,,,,
,,,,,,,,,,,,,,,,,,,,,,,,
,,,,,,,,,,,,,,,,,,,,,,,,
,,,,,,,,,,,,,,,,,,,,,,,,
,,,,,,,,,,,,,,,,,,,,,,,,
,,,,,,,,,,,,,,,,,,,,,,,,
,,,,,,,,,,,,,,,,,,,,,,,,
,,,,,,,,,,,,,,,,,,,,,,,,
,,,,,,,,,,,,,,,,,,,,,,,,
,,,,,,,,,,,,,,,,,,,,,,,,
,,,,,,,,,,,,,,,,,,,,,,,,
,,,,,,,,,,,,,,,,,,,,,,,,
,,,,,,,,,,,,,,,,,,,,,,,,
,,,,,,,,,,,,,,,,,,,,,,,,
,,,,,,,,,,,,,,,,,,,,,,,,
,,,,,,,,,,,,,,,,,,,,,,,,
,,,,,,,,,,,,,,,,,,,,,,,,
,,,,,,,,,,,,,,,,,,,,,,,,
,,,,,,,,,,,,,,,,,,,,,,,,
,,,,,,,,,,,,,,,,,,,,,,,,
,,,,,,,,,,,,,,,,,,,,,,,,
,,,,,,,,,,,,,,,,,,,,,,,,
,,,,,,,,,,,,,,,,,,,,,,,,
,,,,,,,,,,,,,,,,,,,,,,,,
,,,,,,,,,,,,,,,,,,,,,,,,
,,,,,,,,,,,,,,,,,,,,,,,,
,,,,,,,,,,,,,,,,,,,,,,,,
,,,,,,,,,,,,,,,,,,,,,,,,
,,,,,,,,,,,,,,,,,,,,,,,,
,,,,,,,,,,,,,,,,,,,,,,,,
,,,,,,,,,,,,,,,,,,,,,,,,
,,,,,,,,,,,,,,,,,,,,,,,,
,,,,,,,,,,,,,,,,,,,,,,,,
,,,,,,,,,,,,,,,,,,,,,,,,
,,,,,,,,,,,,,,,,,,,,,,,,
,,,,,,,,,,,,,,,,,,,,,,,,
,,,,,,,,,,,,,,,,,,,,,,,,
,,,,,,,,,,,,,,,,,,,,,,,,
,,,,,,,,,,,,,,,,,,,,,,,,
,,,,,,,,,,,,,,,,,,,,,,,,
,,,,,,,,,,,,,,,,,,,,,,,,
,,,,,,,,,,,,,,,,,,,,,,,,
,,,,,,,,,,,,,,,,,,,,,,,,
,,,,,,,,,,,,,,,,,,,,,,,,
,,,,,,,,,,,,,,,,,,,,,,,,
,,,,,,,,,,,,,,,,,,,,,,,,
,,,,,,,,,,,,,,,,,,,,,,,,
,,,,,,,,,,,,,,,,,,,,,,,,
,,,,,,,,,,,,,,,,,,,,,,,,
,,,,,,,,,,,,,,,,,,,,,,,,
,,,,,,,,,,,,,,,,,,,,,,,,
,,,,,,,,,,,,,,,,,,,,,,,,
,,,,,,,,,,,,,,,,,,,,,,,,
,,,,,,,,,,,,,,,,,,,,,,,,
,,,,,,,,,,,,,,,,,,,,,,,,
,,,,,,,,,,,,,,,,,,,,,,,,
,,,,,,,,,,,,,,,,,,,,,,,,
,,,,,,,,,,,,,,,,,,,,,,,,
,,,,,,,,,,,,,,,,,,,,,,,,
,,,,,,,,,,,,,,,,,,,,,,,,
,,,,,,,,,,,,,,,,,,,,,,,,
,,,,,,,,,,,,,,,,,,,,,,,,
,,,,,,,,,,,,,,,,,,,,,,,,
,,,,,,,,,,,,,,,,,,,,,,,,
,,,,,,,,,,,,,,,,,,,,,,,,
,,,,,,,,,,,,,,,,,,,,,,,,
,,,,,,,,,,,,,,,,,,,,,,,,
,,,,,,,,,,,,,,,,,,,,,,,,
,,,,,,,,,,,,,,,,,,,,,,,,
,,,,,,,,,,,,,,,,,,,,,,,,
,,,,,,,,,,,,,,,,,,,,,,,,
,,,,,,,,,,,,,,,,,,,,,,,,
,,,,,,,,,,,,,,,,,,,,,,,,
,,,,,,,,,,,,,,,,,,,,,,,,
,,,,,,,,,,,,,,,,,,,,,,,,
,,,,,,,,,,,,,,,,,,,,,,,,
,,,,,,,,,,,,,,,,,,,,,,,,
,,,,,,,,,,,,,,,,,,,,,,,,
,,,,,,,,,,,,,,,,,,,,,,,,
,,,,,,,,,,,,,,,,,,,,,,,,
,,,,,,,,,,,,,,,,,,,,,,,,
,,,,,,,,,,,,,,,,,,,,,,,,
,,,,,,,,,,,,,,,,,,,,,,,,
,,,,,,,,,,,,,,,,,,,,,,,,
,,,,,,,,,,,,,,,,,,,,,,,,
,,,,,,,,,,,,,,,,,,,,,,,,
,,,,,,,,,,,,,,,,,,,,,,,,
,,,,,,,,,,,,,,,,,,,,,,,,
,,,,,,,,,,,,,,,,,,,,,,,,
,,,,,,,,,,,,,,,,,,,,,,,,
,,,,,,,,,,,,,,,,,,,,,,,,
,,,,,,,,,,,,,,,,,,,,,,,,
,,,,,,,,,,,,,,,,,,,,,,,,
,,,,,,,,,,,,,,,,,,,,,,,,
,,,,,,,,,,,,,,,,,,,,,,,,
,,,,,,,,,,,,,,,,,,,,,,,,
,,,,,,,,,,,,,,,,,,,,,,,,
,,,,,,,,,,,,,,,,,,,,,,,,
,,,,,,,,,,,,,,,,,,,,,,,,
,,,,,,,,,,,,,,,,,,,,,,,,
,,,,,,,,,,,,,,,,,,,,,,,,
,,,,,,,,,,,,,,,,,,,,,,,,
,,,,,,,,,,,,,,,,,,,,,,,,
,,,,,,,,,,,,,,,,,,,,,,,,
,,,,,,,,,,,,,,,,,,,,,,,,
,,,,,,,,,,,,,,,,,,,,,,,,
,,,,,,,,,,,,,,,,,,,,,,,,
,,,,,,,,,,,,,,,,,,,,,,,,
,,,,,,,,,,,,,,,,,,,,,,,,
,,,,,,,,,,,,,,,,,,,,,,,,
,,,,,,,,,,,,,,,,,,,,,,,,
,,,,,,,,,,,,,,,,,,,,,,,,
,,,,,,,,,,,,,,,,,,,,,,,,
,,,,,,,,,,,,,,,,,,,,,,,,
,,,,,,,,,,,,,,,,,,,,,,,,
,,,,,,,,,,,,,,,,,,,,,,,,
,,,,,,,,,,,,,,,,,,,,,,,,
,,,,,,,,,,,,,,,,,,,,,,,,
,,,,,,,,,,,,,,,,,,,,,,,,
,,,,,,,,,,,,,,,,,,,,,,,,
,,,,,,,,,,,,,,,,,,,,,,,,
,,,,,,,,,,,,,,,,,,,,,,,,
,,,,,,,,,,,,,,,,,,,,,,,,
,,,,,,,,,,,,,,,,,,,,,,,,
,,,,,,,,,,,,,,,,,,,,,,,,
,,,,,,,,,,,,,,,,,,,,,,,,
,,,,,,,,,,,,,,,,,,,,,,,,
,,,,,,,,,,,,,,,,,,,,,,,,
,,,,,,,,,,,,,,,,,,,,,,,,
,,,,,,,,,,,,,,,,,,,,,,,,
,,,,,,,,,,,,,,,,,,,,,,,,
,,,,,,,,,,,,,,,,,,,,,,,,
,,,,,,,,,,,,,,,,,,,,,,,,
,,,,,,,,,,,,,,,,,,,,,,,,
,,,,,,,,,,,,,,,,,,,,,,,,
,,,,,,,,,,,,,,,,,,,,,,,,
,,,,,,,,,,,,,,,,,,,,,,,,
,,,,,,,,,,,,,,,,,,,,,,,,
,,,,,,,,,,,,,,,,,,,,,,,,
,,,,,,,,,,,,,,,,,,,,,,,,
,,,,,,,,,,,,,,,,,,,,,,,,
,,,,,,,,,,,,,,,,,,,,,,,,
,,,,,,,,,,,,,,,,,,,,,,,,
,,,,,,,,,,,,,,,,,,,,,,,,
,,,,,,,,,,,,,,,,,,,,,,,,
,,,,,,,,,,,,,,,,,,,,,,,,
,,,,,,,,,,,,,,,,,,,,,,,,
,,,,,,,,,,,,,,,,,,,,,,,,
,,,,,,,,,,,,,,,,,,,,,,,,
,,,,,,,,,,,,,,,,,,,,,,,,
,,,,,,,,,,,,,,,,,,,,,,,,
,,,,,,,,,,,,,,,,,,,,,,,,
,,,,,,,,,,,,,,,,,,,,,,,,
,,,,,,,,,,,,,,,,,,,,,,,,
,,,,,,,,,,,,,,,,,,,,,,,,
,,,,,,,,,,,,,,,,,,,,,,,,
,,,,,,,,,,,,,,,,,,,,,,,,
,,,,,,,,,,,,,,,,,,,,,,,,
,,,,,,,,,,,,,,,,,,,,,,,,
,,,,,,,,,,,,,,,,,,,,,,,,
,,,,,,,,,,,,,,,,,,,,,,,,
,,,,,,,,,,,,,,,,,,,,,,,,
,,,,,,,,,,,,,,,,,,,,,,,,
,,,,,,,,,,,,,,,,,,,,,,,,
,,,,,,,,,,,,,,,,,,,,,,,,
,,,,,,,,,,,,,,,,,,,,,,,,
,,,,,,,,,,,,,,,,,,,,,,,,
,,,,,,,,,,,,,,,,,,,,,,,,
,,,,,,,,,,,,,,,,,,,,,,,,
,,,,,,,,,,,,,,,,,,,,,,,,
,,,,,,,,,,,,,,,,,,,,,,,,
,,,,,,,,,,,,,,,,,,,,,,,,
,,,,,,,,,,,,,,,,,,,,,,,,
,,,,,,,,,,,,,,,,,,,,,,,,
,,,,,,,,,,,,,,,,,,,,,,,,
,,,,,,,,,,,,,,,,,,,,,,,,
,,,,,,,,,,,,,,,,,,,,,,,,
,,,,,,,,,,,,,,,,,,,,,,,,
,,,,,,,,,,,,,,,,,,,,,,,,
,,,,,,,,,,,,,,,,,,,,,,,,
,,,,,,,,,,,,,,,,,,,,,,,,
,,,,,,,,,,,,,,,,,,,,,,,,
,,,,,,,,,,,,,,,,,,,,,,,,
,,,,,,,,,,,,,,,,,,,,,,,,
,,,,,,,,,,,,,,,,,,,,,,,,
,,,,,,,,,,,,,,,,,,,,,,,,
,,,,,,,,,,,,,,,,,,,,,,,,
,,,,,,,,,,,,,,,,,,,,,,,,
,,,,,,,,,,,,,,,,,,,,,,,,
,,,,,,,,,,,,,,,,,,,,,,,,
,,,,,,,,,,,,,,,,,,,,,,,,
,,,,,,,,,,,,,,,,,,,,,,,,
,,,,,,,,,,,,,,,,,,,,,,,,
,,,,,,,,,,,,,,,,,,,,,,,,
,,,,,,,,,,,,,,,,,,,,,,,,
,,,,,,,,,,,,,,,,,,,,,,,,
,,,,,,,,,,,,,,,,,,,,,,,,
,,,,,,,,,,,,,,,,,,,,,,,,
,,,,,,,,,,,,,,,,,,,,,,,,
,,,,,,,,,,,,,,,,,,,,,,,,
,,,,,,,,,,,,,,,,,,,,,,,,
,,,,,,,,,,,,,,,,,,,,,,,,
,,,,,,,,,,,,,,,,,,,,,,,,
,,,,,,,,,,,,,,,,,,,,,,,,
,,,,,,,,,,,,,,,,,,,,,,,,
,,,,,,,,,,,,,,,,,,,,,,,,
,,,,,,,,,,,,,,,,,,,,,,,,
,,,,,,,,,,,,,,,,,,,,,,,,
,,,,,,,,,,,,,,,,,,,,,,,,
,,,,,,,,,,,,,,,,,,,,,,,,
,,,,,,,,,,,,,,,,,,,,,,,,
,,,,,,,,,,,,,,,,,,,,,,,,
,,,,,,,,,,,,,,,,,,,,,,,,
,,,,,,,,,,,,,,,,,,,,,,,,
,,,,,,,,,,,,,,,,,,,,,,,,
,,,,,,,,,,,,,,,,,,,,,,,,
,,,,,,,,,,,,,,,,,,,,,,,,
,,,,,,,,,,,,,,,,,,,,,,,,
,,,,,,,,,,,,,,,,,,,,,,,,
,,,,,,,,,,,,,,,,,,,,,,,,
,,,,,,,,,,,,,,,,,,,,,,,,
,,,,,,,,,,,,,,,,,,,,,,,,
,,,,,,,,,,,,,,,,,,,,,,,,
,,,,,,,,,,,,,,,,,,,,,,,,
,,,,,,,,,,,,,,,,,,,,,,,,
,,,,,,,,,,,,,,,,,,,,,,,,
,,,,,,,,,,,,,,,,,,,,,,,,
,,,,,,,,,,,,,,,,,,,,,,,,
,,,,,,,,,,,,,,,,,,,,,,,,
,,,,,,,,,,,,,,,,,,,,,,,,
,,,,,,,,,,,,,,,,,,,,,,,,
,,,,,,,,,,,,,,,,,,,,,,,,
,,,,,,,,,,,,,,,,,,,,,,,,
,,,,,,,,,,,,,,,,,,,,,,,,
,,,,,,,,,,,,,,,,,,,,,,,,
,,,,,,,,,,,,,,,,,,,,,,,,
,,,,,,,,,,,,,,,,,,,,,,,,
,,,,,,,,,,,,,,,,,,,,,,,,
,,,,,,,,,,,,,,,,,,,,,,,,
,,,,,,,,,,,,,,,,,,,,,,,,
,,,,,,,,,,,,,,,,,,,,,,,,
,,,,,,,,,,,,,,,,,,,,,,,,
,,,,,,,,,,,,,,,,,,,,,,,,
,,,,,,,,,,,,,,,,,,,,,,,,
,,,,,,,,,,,,,,,,,,,,,,,,
,,,,,,,,,,,,,,,,,,,,,,,,
,,,,,,,,,,,,,,,,,,,,,,,,
,,,,,,,,,,,,,,,,,,,,,,,,
,,,,,,,,,,,,,,,,,,,,,,,,
,,,,,,,,,,,,,,,,,,,,,,,,
,,,,,,,,,,,,,,,,,,,,,,,,
,,,,,,,,,,,,,,,,,,,,,,,,
,,,,,,,,,,,,,,,,,,,,,,,,
,,,,,,,,,,,,,,,,,,,,,,,,
,,,,,,,,,,,,,,,,,,,,,,,,
,,,,,,,,,,,,,,,,,,,,,,,,
,,,,,,,,,,,,,,,,,,,,,,,,
,,,,,,,,,,,,,,,,,,,,,,,,
,,,,,,,,,,,,,,,,,,,,,,,,
,,,,,,,,,,,,,,,,,,,,,,,,
,,,,,,,,,,,,,,,,,,,,,,,,
,,,,,,,,,,,,,,,,,,,,,,,,
,,,,,,,,,,,,,,,,,,,,,,,,
,,,,,,,,,,,,,,,,,,,,,,,,
,,,,,,,,,,,,,,,,,,,,,,,,
,,,,,,,,,,,,,,,,,,,,,,,,
,,,,,,,,,,,,,,,,,,,,,,,,
,,,,,,,,,,,,,,,,,,,,,,,,
,,,,,,,,,,,,,,,,,,,,,,,,
,,,,,,,,,,,,,,,,,,,,,,,,
,,,,,,,,,,,,,,,,,,,,,,,,
,,,,,,,,,,,,,,,,,,,,,,,,
,,,,,,,,,,,,,,,,,,,,,,,,
,,,,,,,,,,,,,,,,,,,,,,,,
,,,,,,,,,,,,,,,,,,,,,,,,
,,,,,,,,,,,,,,,,,,,,,,,,
,,,,,,,,,,,,,,,,,,,,,,,,
,,,,,,,,,,,,,,,,,,,,,,,,
,,,,,,,,,,,,,,,,,,,,,,,,
,,,,,,,,,,,,,,,,,,,,,,,,
,,,,,,,,,,,,,,,,,,,,,,,,
,,,,,,,,,,,,,,,,,,,,,,,,
,,,,,,,,,,,,,,,,,,,,,,,,
,,,,,,,,,,,,,,,,,,,,,,,,
,,,,,,,,,,,,,,,,,,,,,,,,
,,,,,,,,,,,,,,,,,,,,,,,,
,,,,,,,,,,,,,,,,,,,,,,,,
,,,,,,,,,,,,,,,,,,,,,,,,
,,,,,,,,,,,,,,,,,,,,,,,,
,,,,,,,,,,,,,,,,,,,,,,,,
,,,,,,,,,,,,,,,,,,,,,,,,
,,,,,,,,,,,,,,,,,,,,,,,,
,,,,,,,,,,,,,,,,,,,,,,,,
,,,,,,,,,,,,,,,,,,,,,,,,
,,,,,,,,,,,,,,,,,,,,,,,,
,,,,,,,,,,,,,,,,,,,,,,,,
,,,,,,,,,,,,,,,,,,,,,,,,
,,,,,,,,,,,,,,,,,,,,,,,,
,,,,,,,,,,,,,,,,,,,,,,,,
,,,,,,,,,,,,,,,,,,,,,,,,
,,,,,,,,,,,,,,,,,,,,,,,,
,,,,,,,,,,,,,,,,,,,,,,,,
,,,,,,,,,,,,,,,,,,,,,,,,
,,,,,,,,,,,,,,,,,,,,,,,,
,,,,,,,,,,,,,,,,,,,,,,,,
,,,,,,,,,,,,,,,,,,,,,,,,
,,,,,,,,,,,,,,,,,,,,,,,,
,,,,,,,,,,,,,,,,,,,,,,,,
,,,,,,,,,,,,,,,,,,,,,,,,
,,,,,,,,,,,,,,,,,,,,,,,,
,,,,,,,,,,,,,,,,,,,,,,,,
,,,,,,,,,,,,,,,,,,,,,,,,
,,,,,,,,,,,,,,,,,,,,,,,,
,,,,,,,,,,,,,,,,,,,,,,,,
,,,,,,,,,,,,,,,,,,,,,,,,
,,,,,,,,,,,,,,,,,,,,,,,,
,,,,,,,,,,,,,,,,,,,,,,,,
,,,,,,,,,,,,,,,,,,,,,,,,
,,,,,,,,,,,,,,,,,,,,,,,,
,,,,,,,,,,,,,,,,,,,,,,,,
,,,,,,,,,,,,,,,,,,,,,,,,
,,,,,,,,,,,,,,,,,,,,,,,,
,,,,,,,,,,,,,,,,,,,,,,,,
,,,,,,,,,,,,,,,,,,,,,,,,
,,,,,,,,,,,,,,,,,,,,,,,,
,,,,,,,,,,,,,,,,,,,,,,,,
,,,,,,,,,,,,,,,,,,,,,,,,
,,,,,,,,,,,,,,,,,,,,,,,,
,,,,,,,,,,,,,,,,,,,,,,,,
,,,,,,,,,,,,,,,,,,,,,,,,
,,,,,,,,,,,,,,,,,,,,,,,,
,,,,,,,,,,,,,,,,,,,,,,,,
,,,,,,,,,,,,,,,,,,,,,,,,
,,,,,,,,,,,,,,,,,,,,,,,,
,,,,,,,,,,,,,,,,,,,,,,,,
,,,,,,,,,,,,,,,,,,,,,,,,
,,,,,,,,,,,,,,,,,,,,,,,,
,,,,,,,,,,,,,,,,,,,,,,,,
,,,,,,,,,,,,,,,,,,,,,,,,
,,,,,,,,,,,,,,,,,,,,,,,,
,,,,,,,,,,,,,,,,,,,,,,,,
,,,,,,,,,,,,,,,,,,,,,,,,
,,,,,,,,,,,,,,,,,,,,,,,,
,,,,,,,,,,,,,,,,,,,,,,,,
,,,,,,,,,,,,,,,,,,,,,,,,
,,,,,,,,,,,,,,,,,,,,,,,,
,,,,,,,,,,,,,,,,,,,,,,,,
,,,,,,,,,,,,,,,,,,,,,,,,
,,,,,,,,,,,,,,,,,,,,,,,,
,,,,,,,,,,,,,,,,,,,,,,,,
,,,,,,,,,,,,,,,,,,,,,,,,
,,,,,,,,,,,,,,,,,,,,,,,,
,,,,,,,,,,,,,,,,,,,,,,,,
,,,,,,,,,,,,,,,,,,,,,,,,
,,,,,,,,,,,,,,,,,,,,,,,,
,,,,,,,,,,,,,,,,,,,,,,,,
,,,,,,,,,,,,,,,,,,,,,,,,
,,,,,,,,,,,,,,,,,,,,,,,,
,,,,,,,,,,,,,,,,,,,,,,,,
,,,,,,,,,,,,,,,,,,,,,,,,
,,,,,,,,,,,,,,,,,,,,,,,,
,,,,,,,,,,,,,,,,,,,,,,,,
,,,,,,,,,,,,,,,,,,,,,,,,
,,,,,,,,,,,,,,,,,,,,,,,,
,,,,,,,,,,,,,,,,,,,,,,,,
,,,,,,,,,,,,,,,,,,,,,,,,
,,,,,,,,,,,,,,,,,,,,,,,,
,,,,,,,,,,,,,,,,,,,,,,,,
,,,,,,,,,,,,,,,,,,,,,,,,
,,,,,,,,,,,,,,,,,,,,,,,,
,,,,,,,,,,,,,,,,,,,,,,,,
,,,,,,,,,,,,,,,,,,,,,,,,
,,,,,,,,,,,,,,,,,,,,,,,,
,,,,,,,,,,,,,,,,,,,,,,,,
,,,,,,,,,,,,,,,,,,,,,,,,
,,,,,,,,,,,,,,,,,,,,,,,,
,,,,,,,,,,,,,,,,,,,,,,,,
,,,,,,,,,,,,,,,,,,,,,,,,
,,,,,,,,,,,,,,,,,,,,,,,,
,,,,,,,,,,,,,,,,,,,,,,,,
,,,,,,,,,,,,,,,,,,,,,,,,
,,,,,,,,,,,,,,,,,,,,,,,,
,,,,,,,,,,,,,,,,,,,,,,,,
,,,,,,,,,,,,,,,,,,,,,,,,
,,,,,,,,,,,,,,,,,,,,,,,,
,,,,,,,,,,,,,,,,,,,,,,,,
,,,,,,,,,,,,,,,,,,,,,,,,
,,,,,,,,,,,,,,,,,,,,,,,,
,,,,,,,,,,,,,,,,,,,,,,,,
,,,,,,,,,,,,,,,,,,,,,,,,
,,,,,,,,,,,,,,,,,,,,,,,,
,,,,,,,,,,,,,,,,,,,,,,,,
,,,,,,,,,,,,,,,,,,,,,,,,
,,,,,,,,,,,,,,,,,,,,,,,,
,,,,,,,,,,,,,,,,,,,,,,,,
,,,,,,,,,,,,,,,,,,,,,,,,
,,,,,,,,,,,,,,,,,,,,,,,,
,,,,,,,,,,,,,,,,,,,,,,,,
,,,,,,,,,,,,,,,,,,,,,,,,
,,,,,,,,,,,,,,,,,,,,,,,,
,,,,,,,,,,,,,,,,,,,,,,,,
,,,,,,,,,,,,,,,,,,,,,,,,
,,,,,,,,,,,,,,,,,,,,,,,,
,,,,,,,,,,,,,,,,,,,,,,,,
,,,,,,,,,,,,,,,,,,,,,,,,
,,,,,,,,,,,,,,,,,,,,,,,,
,,,,,,,,,,,,,,,,,,,,,,,,
,,,,,,,,,,,,,,,,,,,,,,,,
,,,,,,,,,,,,,,,,,,,,,,,,
,,,,,,,,,,,,,,,,,,,,,,,,
,,,,,,,,,,,,,,,,,,,,,,,,
,,,,,,,,,,,,,,,,,,,,,,,,
,,,,,,,,,,,,,,,,,,,,,,,,
,,,,,,,,,,,,,,,,,,,,,,,,
,,,,,,,,,,,,,,,,,,,,,,,,
,,,,,,,,,,,,,,,,,,,,,,,,
,,,,,,,,,,,,,,,,,,,,,,,,
,,,,,,,,,,,,,,,,,,,,,,,,
,,,,,,,,,,,,,,,,,,,,,,,,
,,,,,,,,,,,,,,,,,,,,,,,,
,,,,,,,,,,,,,,,,,,,,,,,,
,,,,,,,,,,,,,,,,,,,,,,,,
,,,,,,,,,,,,,,,,,,,,,,,,
,,,,,,,,,,,,,,,,,,,,,,,,
,,,,,,,,,,,,,,,,,,,,,,,,
,,,,,,,,,,,,,,,,,,,,,,,,
,,,,,,,,,,,,,,,,,,,,,,,,
,,,,,,,,,,,,,,,,,,,,,,,,
,,,,,,,,,,,,,,,,,,,,,,,,
,,,,,,,,,,,,,,,,,,,,,,,,
,,,,,,,,,,,,,,,,,,,,,,,,
,,,,,,,,,,,,,,,,,,,,,,,,
,,,,,,,,,,,,,,,,,,,,,,,,
,,,,,,,,,,,,,,,,,,,,,,,,
,,,,,,,,,,,,,,,,,,,,,,,,
,,,,,,,,,,,,,,,,,,,,,,,,
,,,,,,,,,,,,,,,,,,,,,,,,
,,,,,,,,,,,,,,,,,,,,,,,,
,,,,,,,,,,,,,,,,,,,,,,,,
,,,,,,,,,,,,,,,,,,,,,,,,
,,,,,,,,,,,,,,,,,,,,,,,,
,,,,,,,,,,,,,,,,,,,,,,,,
,,,,,,,,,,,,,,,,,,,,,,,,
,,,,,,,,,,,,,,,,,,,,,,,,
,,,,,,,,,,,,,,,,,,,,,,,,
,,,,,,,,,,,,,,,,,,,,,,,,
,,,,,,,,,,,,,,,,,,,,,,,,
,,,,,,,,,,,,,,,,,,,,,,,,
,,,,,,,,,,,,,,,,,,,,,,,,
,,,,,,,,,,,,,,,,,,,,,,,,
,,,,,,,,,,,,,,,,,,,,,,,,
,,,,,,,,,,,,,,,,,,,,,,,,
,,,,,,,,,,,,,,,,,,,,,,,,
,,,,,,,,,,,,,,,,,,,,,,,,
,,,,,,,,,,,,,,,,,,,,,,,,
,,,,,,,,,,,,,,,,,,,,,,,,
,,,,,,,,,,,,,,,,,,,,,,,,
,,,,,,,,,,,,,,,,,,,,,,,,
,,,,,,,,,,,,,,,,,,,,,,,,
,,,,,,,,,,,,,,,,,,,,,,,,
,,,,,,,,,,,,,,,,,,,,,,,,
,,,,,,,,,,,,,,,,,,,,,,,,
,,,,,,,,,,,,,,,,,,,,,,,,
,,,,,,,,,,,,,,,,,,,,,,,,
,,,,,,,,,,,,,,,,,,,,,,,,
,,,,,,,,,,,,,,,,,,,,,,,,
,,,,,,,,,,,,,,,,,,,,,,,,
,,,,,,,,,,,,,,,,,,,,,,,,
,,,,,,,,,,,,,,,,,,,,,,,,
,,,,,,,,,,,,,,,,,,,,,,,,
,,,,,,,,,,,,,,,,,,,,,,,,
,,,,,,,,,,,,,,,,,,,,,,,,
,,,,,,,,,,,,,,,,,,,,,,,,
,,,,,,,,,,,,,,,,,,,,,,,,
,,,,,,,,,,,,,,,,,,,,,,,,
,,,,,,,,,,,,,,,,,,,,,,,,
,,,,,,,,,,,,,,,,,,,,,,,,
,,,,,,,,,,,,,,,,,,,,,,,,
,,,,,,,,,,,,,,,,,,,,,,,,
,,,,,,,,,,,,,,,,,,,,,,,,
,,,,,,,,,,,,,,,,,,,,,,,,
,,,,,,,,,,,,,,,,,,,,,,,,
,,,,,,,,,,,,,,,,,,,,,,,,
,,,,,,,,,,,,,,,,,,,,,,,,
,,,,,,,,,,,,,,,,,,,,,,,,
,,,,,,,,,,,,,,,,,,,,,,,,
,,,,,,,,,,,,,,,,,,,,,,,,
,,,,,,,,,,,,,,,,,,,,,,,,
,,,,,,,,,,,,,,,,,,,,,,,,
,,,,,,,,,,,,,,,,,,,,,,,,
,,,,,,,,,,,,,,,,,,,,,,,,
,,,,,,,,,,,,,,,,,,,,,,,,
,,,,,,,,,,,,,,,,,,,,,,,,
,,,,,,,,,,,,,,,,,,,,,,,,
,,,,,,,,,,,,,,,,,,,,,,,,
,,,,,,,,,,,,,,,,,,,,,,,,
,,,,,,,,,,,,,,,,,,,,,,,,
,,,,,,,,,,,,,,,,,,,,,,,,
,,,,,,,,,,,,,,,,,,,,,,,,
,,,,,,,,,,,,,,,,,,,,,,,,
,,,,,,,,,,,,,,,,,,,,,,,,
,,,,,,,,,,,,,,,,,,,,,,,,
,,,,,,,,,,,,,,,,,,,,,,,,
,,,,,,,,,,,,,,,,,,,,,,,,
,,,,,,,,,,,,,,,,,,,,,,,,
,,,,,,,,,,,,,,,,,,,,,,,,
,,,,,,,,,,,,,,,,,,,,,,,,
,,,,,,,,,,,,,,,,,,,,,,,,
,,,,,,,,,,,,,,,,,,,,,,,,
,,,,,,,,,,,,,,,,,,,,,,,,
,,,,,,,,,,,,,,,,,,,,,,,,
,,,,,,,,,,,,,,,,,,,,,,,,
,,,,,,,,,,,,,,,,,,,,,,,,
,,,,,,,,,,,,,,,,,,,,,,,,
,,,,,,,,,,,,,,,,,,,,,,,,
,,,,,,,,,,,,,,,,,,,,,,,,
,,,,,,,,,,,,,,,,,,,,,,,,
,,,,,,,,,,,,,,,,,,,,,,,,
,,,,,,,,,,,,,,,,,,,,,,,,
,,,,,,,,,,,,,,,,,,,,,,,,
,,,,,,,,,,,,,,,,,,,,,,,,
,,,,,,,,,,,,,,,,,,,,,,,,
,,,,,,,,,,,,,,,,,,,,,,,,
,,,,,,,,,,,,,,,,,,,,,,,,
,,,,,,,,,,,,,,,,,,,,,,,,
,,,,,,,,,,,,,,,,,,,,,,,,
,,,,,,,,,,,,,,,,,,,,,,,,
,,,,,,,,,,,,,,,,,,,,,,,,
,,,,,,,,,,,,,,,,,,,,,,,,
,,,,,,,,,,,,,,,,,,,,,,,,
,,,,,,,,,,,,,,,,,,,,,,,,
,,,,,,,,,,,,,,,,,,,,,,,,
,,,,,,,,,,,,,,,,,,,,,,,,
,,,,,,,,,,,,,,,,,,,,,,,,
,,,,,,,,,,,,,,,,,,,,,,,,
,,,,,,,,,,,,,,,,,,,,,,,,
,,,,,,,,,,,,,,,,,,,,,,,,
,,,,,,,,,,,,,,,,,,,,,,,,
,,,,,,,,,,,,,,,,,,,,,,,,
,,,,,,,,,,,,,,,,,,,,,,,,
,,,,,,,,,,,,,,,,,,,,,,,,
,,,,,,,,,,,,,,,,,,,,,,,,
,,,,,,,,,,,,,,,,,,,,,,,,
,,,,,,,,,,,,,,,,,,,,,,,,
,,,,,,,,,,,,,,,,,,,,,,,,
,,,,,,,,,,,,,,,,,,,,,,,,
,,,,,,,,,,,,,,,,,,,,,,,,
,,,,,,,,,,,,,,,,,,,,,,,,
,,,,,,,,,,,,,,,,,,,,,,,,
,,,,,,,,,,,,,,,,,,,,,,,,
,,,,,,,,,,,,,,,,,,,,,,,,
,,,,,,,,,,,,,,,,,,,,,,,,
,,,,,,,,,,,,,,,,,,,,,,,,
,,,,,,,,,,,,,,,,,,,,,,,,
,,,,,,,,,,,,,,,,,,,,,,,,
,,,,,,,,,,,,,,,,,,,,,,,,
,,,,,,,,,,,,,,,,,,,,,,,,
,,,,,,,,,,,,,,,,,,,,,,,,
,,,,,,,,,,,,,,,,,,,,,,,,
,,,,,,,,,,,,,,,,,,,,,,,,
,,,,,,,,,,,,,,,,,,,,,,,,
,,,,,,,,,,,,,,,,,,,,,,,,
,,,,,,,,,,,,,,,,,,,,,,,,
,,,,,,,,,,,,,,,,,,,,,,,,
,,,,,,,,,,,,,,,,,,,,,,,,
,,,,,,,,,,,,,,,,,,,,,,,,
,,,,,,,,,,,,,,,,,,,,,,,,
,,,,,,,,,,,,,,,,,,,,,,,,
,,,,,,,,,,,,,,,,,,,,,,,,
,,,,,,,,,,,,,,,,,,,,,,,,
,,,,,,,,,,,,,,,,,,,,,,,,
,,,,,,,,,,,,,,,,,,,,,,,,
,,,,,,,,,,,,,,,,,,,,,,,,
,,,,,,,,,,,,,,,,,,,,,,,,
,,,,,,,,,,,,,,,,,,,,,,,,
,,,,,,,,,,,,,,,,,,,,,,,,
,,,,,,,,,,,,,,,,,,,,,,,,
,,,,,,,,,,,,,,,,,,,,,,,,
,,,,,,,,,,,,,,,,,,,,,,,,
,,,,,,,,,,,,,,,,,,,,,,,,
,,,,,,,,,,,,,,,,,,,,,,,,
,,,,,,,,,,,,,,,,,,,,,,,,
,,,,,,,,,,,,,,,,,,,,,,,,
,,,,,,,,,,,,,,,,,,,,,,,,
,,,,,,,,,,,,,,,,,,,,,,,,
,,,,,,,,,,,,,,,,,,,,,,,,
,,,,,,,,,,,,,,,,,,,,,,,,
,,,,,,,,,,,,,,,,,,,,,,,,
,,,,,,,,,,,,,,,,,,,,,,,,
,,,,,,,,,,,,,,,,,,,,,,,,
,,,,,,,,,,,,,,,,,,,,,,,,
,,,,,,,,,,,,,,,,,,,,,,,,
,,,,,,,,,,,,,,,,,,,,,,,,
,,,,,,,,,,,,,,,,,,,,,,,,
,,,,,,,,,,,,,,,,,,,,,,,,
